Order_ID,Customer_ID,Category,Payment_Method,Order_Value,Discount_Percent,Est_Delivery_Days,Actual_Delivery_Days,Customer_Rating,Returned,City_Tier
ORD1000,CUST202,Electronics,Credit Card,4176.65,0,3,3.0,2.0,No,Tier 3
ORD1001,CUST279,Home,Credit Card,470.85,0,2,5.0,5.0,No,Tier 2
ORD1002,CUST192,Beauty,UPI,941.13,15,6,13.0,,No,Tier 2
ORD1003,CUST114,Fashion,Debit Card,2163.22,50,3,10.0,5.0,No,Tier 2
ORD1004,CUST206,Electronics,UPI,3408.9,15,5,13.0,4.0,No,Tier 1
ORD1005,CUST171,Home,Debit Card,1867.29,5,7,4.0,5.0,No,Tier 3
ORD1006,CUST288,Home,UPI,647.96,20,4,8.0,5.0,No,Tier 1
ORD1007,CUST120,Electronics,Debit Card,1884.09,50,4,13.0,1.0,Yes,
ORD1008,CUST202,Beauty,UPI,728.02,0,3,12.0,4.0,No,Tier 2
ORD1009,CUST221, Electronics ,UPI,2101.06,15,4,5.0,5.0,No,Tier 2
ORD1010,CUST310, Fashion ,,4819.75,0,4,,4.0,No,Tier 2
ORD1011,CUST314,Electronics,COD,2116.93,5,2,12.0,1.0,No,Tier 2
ORD1012,CUST174,Home,UPI,3180.35,5,5,8.0,5.0,No,Tier 2
ORD1013,CUST302,Electronics,Credit Card,203.16,20,5,9.0,5.0,Yes,Tier 1
ORD1014,CUST187,Beauty,Credit Card,2096.5,20,2,4.0,3.0,No,Tier 2
ORD1015,CUST216,Books,Credit Card,2854.3,30,2,7.0,4.0,Yes,Tier 2
ORD1016,CUST199,Electronics,Debit Card,262.11,50,4,2.0,3.0,Yes,Tier 3
ORD1017,CUST203,Beauty,UPI,3278.88,5,6,6.0,5.0,No,Tier 2
ORD1018,CUST251,Beauty,,644.97,15,7,8.0,3.0,No,Tier 1
ORD1019,CUST230,Home,UPI,1841.75,0,7,12.0,4.0,Yes,Tier 1
ORD1020,CUST249,Beauty,Credit Card,2616.82,10,4,7.0,5.0,No,Tier 2
ORD1021,CUST152,Beauty,UPI,1830.02,20,7,7.0,4.0,Yes,Tier 1
ORD1022,CUST101,Beauty,Credit Card,345.24,10,2,8.0,5.0,No,Tier 1
ORD1023,CUST187,Beauty,UPI,1560.7,15,5,7.0,4.0,No,Tier 3
ORD1024,CUST335,Fashion,Credit Card,1396.37,20,7,5.0,3.0,No,Tier 2
ORD1025,CUST257,Fashion,COD,3658.7,10,4,7.0,4.0,No,Tier 2
ORD1026,CUST137,Home,Credit Card,976.88,50,6,13.0,3.0,No,Tier 1
ORD1027,CUST229,Electronics,upi,780.88,15,4,14.0,4.0,No,Tier 2
ORD1028,CUST291,Beauty,UPI,2278.55,0,3,10.0,3.0,No,Tier 1
ORD1029,CUST287,Electronics,COD,998.27,50,4,,5.0,No,Tier 2
ORD1030,CUST120,Electronics,Debit Card,1758.1,15,2,5.0,,No,Tier 1
ORD1031,CUST260,Home,Debit Card,1759.6,30,5,7.0,,Yes,Tier 3
ORD1032,CUST303, Beauty ,COD,3484.41,20,5,9.0,4.0,No,Tier 2
ORD1033,CUST157,Beauty,UPI,1569.54,5,7,2.0,3.0,No,Tier 1
ORD1034,CUST121,Books,UPI,1246.2,0,2,4.0,4.0,Yes,Tier 2
ORD1035,CUST335,Electronics,UPI,424.27,50,3,12.0,5.0,No,Tier 2
ORD1036,CUST188,Electronics,UPI,384.5,50,2,7.0,3.0,No,Tier 1
ORD1037,CUST148,Fashion,Credit Card,451.42,10,4,1.0,,No,Tier 2
ORD1038,CUST318,Books,UPI,482.84,20,2,13.0,4.0,No,Tier 1
ORD1039,CUST158,Fashion,Debit Card,1723.66,5,2,2.0,,No,Tier 3
ORD1040,CUST269,Fashion,UPI,2226.28,15,3,9.0,5.0,No,Tier 3
ORD1041,CUST319,Fashion,COD,1332.51,5,4,13.0,5.0,No,Tier 1
ORD1042,CUST287,Home,Debit Card,2849.29,20,6,,4.0,No,Tier 3
ORD1043,CUST307,Home,upi,7310.32,20,6,7.0,1.0,Yes,Tier 1
ORD1044,CUST114,Fashion,Credit Card,2772.3,30,5,12.0,4.0,No,Tier 1
ORD1045,CUST289,Books,UPI,1980.59,30,7,10.0,4.0,Yes,Tier 3
ORD1046,CUST289,Electronics,UPI,1340.51,5,2,7.0,1.0,No,Tier 2
ORD1047,CUST274,,UPI,1093.63,15,5,6.0,4.0,No,Tier 2
ORD1048,CUST289,Beauty,COD,332.25,5,3,3.0,4.0,No,Tier 1
ORD1049,CUST150,,Credit Card,964.66,20,6,10.0,4.0,No,Tier 1
ORD1050,CUST207,Electronics,COD,3814.16,20,2,3.0,4.0,No,Tier 3
ORD1051,CUST154,Electronics,UPI,2675.57,10,3,2.0,2.0,No,Tier 1
ORD1052,CUST343,Beauty,Debit Card,565.12,30,7,11.0,,Yes,Tier 1
ORD1053,CUST163,Beauty,Debit Card,1142.75,10,3,6.0,3.0,No,Tier 2
ORD1054,CUST348,Fashion,UPI,2745.14,0,2,4.0,4.0,No,Tier 2
ORD1055,CUST230,Home,UPI,304.64,20,7,5.0,4.0,Yes,Tier 2
ORD1056,CUST328,Home,UPI,935.05,10,3,3.0,5.0,No,Tier 1
ORD1057,CUST150, Books ,Credit Card,3064.21,5,7,6.0,2.0,Yes,Tier 1
ORD1058,CUST234,Fashion,UPI,976.01,30,2,,4.0,No,Tier 1
ORD1059,CUST120, Fashion ,Credit Card,321.19,30,2,12.0,4.0,Yes,Tier 3
ORD1060,CUST172,Fashion,UPI,1373.08,15,7,3.0,3.0,Yes,Tier 1
ORD1061,CUST266,Fashion,UPI,3167.96,5,4,14.0,4.0,No,Tier 2
ORD1062,CUST117,Home,UPI,1538.44,15,5,14.0,,No,Tier 2
ORD1063,CUST231,Home,Debit Card,584.82,10,3,8.0,,Yes,Tier 3
ORD1064,CUST188,Fashion,Credit Card,927.35,50,3,9.0,1.0,No,Tier 3
ORD1065,CUST159,Books,Debit Card,1097.09,0,4,4.0,3.0,Yes,Tier 1
ORD1066,CUST113,Electronics,UPI,1498.63,5,4,9.0,4.0,No,
ORD1067,CUST341,Electronics,UPI,2336.62,5,4,12.0,4.0,Yes,Tier 2
ORD1068,CUST349,Books,COD,356.16,5,6,7.0,3.0,No,Tier 1
ORD1069,CUST108,Fashion,Credit Card,3506.17,15,6,3.0,3.0,No,Tier 2
ORD1070,CUST189,Home,UPI,218.58,10,7,7.0,,Yes,Tier 2
ORD1071,CUST152,Electronics,UPI,893.18,5,6,14.0,,No,Tier 3
ORD1072,CUST229,Beauty,UPI,241.7,50,2,,1.0,No,Tier 1
ORD1073,CUST183,,Credit Card,948.78,5,7,3.0,4.0,No,Tier 3
ORD1074,CUST191,Books,Credit Card,1319.23,30,3,6.0,4.0,No,Tier 1
ORD1075,CUST210,Fashion,COD,1275.18,0,5,4.0,3.0,No,Tier 2
ORD1076,CUST287,Electronics,UPI,471.61,30,2,7.0,4.0,No,Tier 1
ORD1077,CUST298,Fashion,UPI,1756.59,30,3,14.0,4.0,No,Tier 2
ORD1078,CUST271,Electronics,UPI,268.72,0,3,3.0,5.0,No,Tier 1
ORD1079,CUST107,Books,Debit Card,2352.64,50,7,1.0,5.0,No,Tier 3
ORD1080,CUST274,Books,,4596.17,10,4,9.0,4.0,No,Tier 3
ORD1081,CUST134,Beauty,UPI,822.75,30,4,6.0,5.0,No,Tier 3
ORD1082,CUST305,Fashion,UPI,1292.35,10,2,8.0,3.0,No,Tier 1
ORD1083,CUST180,Beauty,upi,914.42,30,4,3.0,4.0,No,Tier 3
ORD1084,CUST263,Fashion,Credit Card,210.1,20,3,8.0,4.0,Yes,Tier 2
ORD1085,CUST149,Beauty,UPI,931.33,0,4,2.0,3.0,No,Tier 1
ORD1086,CUST203,Home,UPI,2553.31,30,6,12.0,3.0,No,Tier 1
ORD1087,CUST231,Home,Debit Card,1559.47,20,4,4.0,3.0,No,
ORD1088,CUST101, Home ,UPI,360.14,15,3,3.0,,Yes,Tier 1
ORD1089,CUST233,Home,UPI,3017.34,20,7,10.0,3.0,No,Tier 2
ORD1090,CUST153,Electronics,COD,1336.0,5,2,1.0,3.0,No,Tier 3
ORD1091,CUST205,Home,Debit Card,2965.12,30,5,13.0,4.0,No,Tier 1
ORD1092,CUST103, Books ,UPI,1502.04,20,4,13.0,5.0,No,Tier 2
ORD1093,CUST153,Books,COD,1430.41,10,3,7.0,2.0,No,Tier 3
ORD1094,CUST320,Electronics,UPI,366.83,15,5,11.0,,Yes,Tier 1
ORD1095,CUST290,Home,UPI,474.73,50,5,10.0,5.0,Yes,Tier 3
ORD1096,CUST245,Home,Credit Card,5564.68,30,6,2.0,4.0,No,Tier 2
ORD1097,CUST317,Home,upi,589.1,5,5,4.0,5.0,Yes,Tier 2
ORD1098,CUST143,Beauty,Credit Card,5888.17,50,7,,1.0,No,
ORD1099,CUST261, Fashion ,Credit Card,1338.65,20,3,6.0,4.0,No,Tier 2
ORD1100,CUST301, Beauty ,Credit Card,418.91,50,3,,5.0,No,Tier 1
ORD1101,CUST289,Fashion,Debit Card,356.88,50,4,2.0,2.0,Yes,Tier 2
ORD1102,CUST327, Home ,Credit Card,551.43,15,4,7.0,3.0,No,Tier 1
ORD1103,CUST113,Home,Credit Card,4098.2,50,4,6.0,4.0,No,Tier 3
ORD1104,CUST194,Beauty,Credit Card,1002.04,50,7,13.0,3.0,No,Tier 1
ORD1105,CUST147,Beauty,Credit Card,954.87,30,5,14.0,,Yes,Tier 1
ORD1106,CUST114,Fashion,UPI,763.58,15,5,9.0,3.0,No,Tier 2
ORD1107,CUST299,Books,Debit Card,438.6,5,6,7.0,5.0,No,
ORD1108,CUST305,Fashion,UPI,1203.71,20,7,1.0,4.0,No,Tier 2
ORD1109,CUST314,Beauty,UPI,408.98,15,4,14.0,5.0,No,Tier 3
ORD1110,CUST348, Beauty ,Debit Card,2907.09,15,2,8.0,4.0,No,Tier 2
ORD1111,CUST289,Electronics,Credit Card,894.0,0,6,11.0,4.0,No,Tier 1
ORD1112,CUST139,Beauty,UPI,904.53,15,2,10.0,5.0,No,Tier 2
ORD1113,CUST312,Electronics,upi,1163.7,0,5,3.0,4.0,No,Tier 2
ORD1114,CUST307,Books,UPI,1080.83,20,6,14.0,4.0,No,Tier 3
ORD1115,CUST336, Fashion ,Credit Card,8105.46,50,6,2.0,4.0,Yes,Tier 1
ORD1116,CUST181, Fashion ,UPI,1382.44,30,3,12.0,5.0,No,Tier 2
ORD1117,CUST210,Electronics,UPI,338.5,30,5,3.0,4.0,Yes,
ORD1118,CUST152,Fashion,UPI,1600.45,20,5,11.0,,Yes,Tier 1
ORD1119,CUST123,Beauty,Credit Card,446.58,20,7,6.0,3.0,No,Tier 1
ORD1120,CUST253,Home,Credit Card,247.14,10,6,13.0,4.0,No,Tier 1
ORD1121,CUST316,Electronics,Credit Card,5497.41,50,5,14.0,5.0,No,Tier 3
ORD1122,CUST287,Fashion,upi,2427.77,20,6,3.0,5.0,No,Tier 3
ORD1123,CUST223,Electronics,Debit Card,6076.23,15,7,10.0,5.0,Yes,Tier 2
ORD1124,CUST336,Electronics,Credit Card,1174.78,30,7,5.0,,No,Tier 1
ORD1125,CUST140,Home,Credit Card,1339.76,5,3,6.0,4.0,Yes,Tier 1
ORD1126,CUST256,Beauty,Debit Card,476.49,30,6,8.0,2.0,No,Tier 3
ORD1127,CUST114,Electronics,Credit Card,625.35,0,5,7.0,1.0,No,Tier 3
ORD1128,CUST144,Fashion,Credit Card,2935.33,30,5,,5.0,No,Tier 3
ORD1129,CUST164,Books,upi,860.52,10,6,11.0,5.0,No,Tier 2
ORD1130,CUST188,Electronics,Credit Card,2830.09,50,6,8.0,3.0,No,Tier 1
ORD1131,CUST170,Electronics,,2051.72,20,6,3.0,3.0,No,Tier 3
ORD1132,CUST108, Home ,upi,492.51,50,4,4.0,2.0,No,Tier 1
ORD1133,CUST187,Beauty,UPI,1262.23,20,5,6.0,5.0,No,Tier 1
ORD1134,CUST228,Books,Credit Card,1896.95,30,7,11.0,4.0,No,Tier 2
ORD1135,CUST335,Fashion,Credit Card,601.89,5,5,7.0,4.0,Yes,Tier 1
ORD1136,CUST235,Books,COD,2864.02,5,4,9.0,4.0,No,Tier 1
ORD1137,CUST315,Fashion,COD,1380.62,10,6,13.0,5.0,No,Tier 1
ORD1138,CUST162, Beauty ,COD,470.92,0,3,1.0,5.0,No,Tier 1
ORD1139,CUST238,Fashion,Credit Card,1511.95,30,6,13.0,4.0,No,Tier 3
ORD1140,CUST342,Home,COD,12438.25,20,6,8.0,3.0,No,Tier 1
ORD1141,CUST180,Home,upi,444.7,30,4,8.0,4.0,No,Tier 1
ORD1142,CUST235,Home,Debit Card,2745.41,10,5,6.0,5.0,No,Tier 1
ORD1143,CUST262,Home,upi,548.48,15,6,4.0,,No,Tier 1
ORD1144,CUST262,Books,COD,2487.56,15,5,3.0,3.0,No,Tier 1
ORD1145,CUST132, Beauty ,Debit Card,2189.65,10,2,,1.0,No,Tier 2
ORD1146,CUST222,Fashion,UPI,736.06,20,7,3.0,2.0,No,Tier 1
ORD1147,CUST104,Fashion,UPI,791.39,50,5,6.0,4.0,No,Tier 2
ORD1148,CUST333,Home,Credit Card,2559.09,10,3,13.0,5.0,No,Tier 3
ORD1149,CUST330,Home,Debit Card,1128.3,20,7,8.0,1.0,No,Tier 2
ORD1150,CUST349,Electronics,UPI,2168.55,5,3,7.0,4.0,No,Tier 1
ORD1151,CUST140,Beauty,COD,440.23,10,6,11.0,4.0,No,Tier 1
ORD1152,CUST127,Books,upi,3071.48,20,7,1.0,2.0,Yes,Tier 3
ORD1153,CUST234,Fashion,COD,2061.39,10,5,11.0,4.0,No,Tier 2
ORD1154,CUST300, Electronics ,Credit Card,3761.81,10,7,6.0,3.0,No,Tier 3
ORD1155,CUST171,Electronics,Credit Card,412.99,50,6,7.0,4.0,Yes,Tier 3
ORD1156,CUST111,Fashion,Credit Card,1548.47,50,4,12.0,5.0,Yes,Tier 3
ORD1157,CUST261,Books,Debit Card,1571.14,20,3,7.0,4.0,No,Tier 3
ORD1158,CUST132, Electronics ,COD,854.18,20,6,9.0,2.0,Yes,Tier 2
ORD1159,CUST147,,upi,1120.03,0,4,11.0,,No,Tier 1
ORD1160,CUST346,Beauty,UPI,258.08,10,7,11.0,4.0,No,Tier 3
ORD1161,CUST250,Books,upi,2254.81,15,7,10.0,5.0,No,Tier 2
ORD1162,CUST161,Electronics,COD,1395.5,10,6,5.0,2.0,No,Tier 1
ORD1163,CUST315,Books,UPI,289.21,10,5,1.0,1.0,No,Tier 2
ORD1164,CUST136,Fashion,COD,1912.7,20,7,2.0,1.0,No,Tier 2
ORD1165,CUST198, Home ,UPI,1143.24,10,5,4.0,3.0,No,Tier 3
ORD1166,CUST271,Electronics,Credit Card,252.6,30,5,5.0,4.0,No,Tier 2
ORD1167,CUST203,Beauty,Debit Card,5440.35,10,5,9.0,,No,Tier 1
ORD1168,CUST313,,UPI,4667.2,30,2,,4.0,No,Tier 3
ORD1169,CUST318,Books,Debit Card,1278.94,50,4,1.0,3.0,Yes,Tier 3
ORD1170,CUST134,Fashion,Debit Card,347.53,15,4,3.0,4.0,No,Tier 2
ORD1171,CUST292,Electronics,UPI,2307.43,20,7,,2.0,Yes,Tier 1
ORD1172,CUST326, Books ,UPI,1215.71,10,7,3.0,4.0,No,Tier 1
ORD1173,CUST200,Home,UPI,740.27,30,5,4.0,4.0,Yes,Tier 2
ORD1174,CUST274, Fashion ,UPI,1214.19,30,2,14.0,5.0,No,Tier 1
ORD1175,CUST305,Electronics,UPI,1308.61,50,5,3.0,,No,Tier 1
ORD1176,CUST230,Beauty,UPI,1440.74,30,2,4.0,3.0,Yes,Tier 2
ORD1177,CUST100,Books,Credit Card,1073.01,5,5,14.0,4.0,No,Tier 2
ORD1178,CUST104,Fashion,UPI,1596.18,0,3,13.0,,No,Tier 1
ORD1179,CUST317,Fashion,Credit Card,3965.05,15,3,13.0,5.0,No,Tier 1
ORD1180,CUST346,Home,Debit Card,874.76,50,6,1.0,4.0,No,Tier 1
ORD1181,CUST241,Home,COD,2140.39,50,5,12.0,,No,Tier 2
ORD1182,CUST202,Beauty,,3572.89,10,7,8.0,2.0,No,Tier 1
ORD1183,CUST126,Beauty,UPI,1113.15,5,4,4.0,,No,Tier 1
ORD1184,CUST236,Electronics,upi,1079.01,10,6,7.0,2.0,No,Tier 2
ORD1185,CUST306,Electronics,COD,1582.4,10,7,2.0,4.0,No,Tier 3
ORD1186,CUST114,Beauty,upi,1542.55,20,3,2.0,5.0,No,Tier 2
ORD1187,CUST189,Beauty,COD,2664.41,20,5,6.0,3.0,No,Tier 1
ORD1188,CUST141,Books,Credit Card,1170.78,20,6,14.0,4.0,Yes,Tier 1
ORD1189,CUST223,Home,Credit Card,8529.02,5,5,2.0,4.0,No,Tier 3
ORD1190,CUST304,Electronics,UPI,291.97,10,3,6.0,,No,Tier 1
ORD1191,CUST278,Home,Credit Card,204.76,0,6,11.0,5.0,No,Tier 2
ORD1192,CUST162,Home,UPI,1733.3,15,3,2.0,5.0,Yes,Tier 1
ORD1193,CUST195,Beauty,UPI,731.66,20,2,4.0,4.0,No,Tier 1
ORD1194,CUST330,Books,UPI,612.41,20,3,7.0,5.0,No,Tier 3
ORD1195,CUST340,Fashion,Debit Card,760.73,50,5,8.0,4.0,No,Tier 2
ORD1196,CUST151,Books,Debit Card,643.67,10,4,3.0,4.0,No,Tier 2
ORD1197,CUST195,Books,UPI,246.91,10,3,14.0,5.0,No,Tier 1
ORD1198,CUST231,Home,COD,5538.52,5,7,13.0,4.0,No,Tier 1
ORD1199,CUST321,Books,UPI,574.13,5,4,9.0,2.0,No,Tier 2
ORD1200,CUST328,Electronics,COD,2186.56,20,2,2.0,2.0,No,Tier 2
ORD1201,CUST250,,Credit Card,2356.99,10,6,8.0,2.0,No,Tier 1
ORD1202,CUST330,,upi,4173.06,0,6,8.0,5.0,No,Tier 1
ORD1203,CUST336, Fashion ,Debit Card,246.54,15,4,13.0,4.0,No,Tier 1
ORD1204,CUST242,Home,UPI,3284.15,10,6,14.0,5.0,Yes,Tier 3
ORD1205,CUST270,Fashion,Credit Card,1323.71,50,3,,4.0,Yes,Tier 2
ORD1206,CUST128,Home,UPI,1701.73,10,4,1.0,3.0,No,Tier 3
ORD1207,CUST135,Beauty,Credit Card,1751.22,30,5,13.0,4.0,No,Tier 1
ORD1208,CUST112,Books,Credit Card,2770.51,5,3,,5.0,No,Tier 3
ORD1209,CUST259,Beauty,Debit Card,808.36,50,3,2.0,4.0,No,Tier 1
ORD1210,CUST170,Fashion,UPI,2181.05,15,3,14.0,,Yes,Tier 2
ORD1211,CUST286,Books,Debit Card,1328.0,20,5,12.0,5.0,No,Tier 3
ORD1212,CUST342,Home,,2565.41,50,2,14.0,4.0,No,Tier 1
ORD1213,CUST185,Books,UPI,7191.98,10,7,9.0,4.0,No,Tier 1
ORD1214,CUST127,Electronics,UPI,535.94,20,6,13.0,,No,Tier 1
ORD1215,CUST165, Books ,Credit Card,8045.61,10,4,2.0,5.0,No,Tier 1
ORD1216,CUST269, Electronics ,Debit Card,341.16,20,2,2.0,1.0,No,Tier 2
ORD1217,CUST144,Books,UPI,203.48,15,4,6.0,4.0,No,
ORD1218,CUST161,Electronics,upi,267.75,5,6,7.0,5.0,No,Tier 2
ORD1219,CUST284,Fashion,COD,827.33,15,5,13.0,5.0,No,Tier 2
ORD1220,CUST344,Beauty,UPI,1703.21,30,3,7.0,3.0,Yes,Tier 2
ORD1221,CUST233,Home,Credit Card,307.29,0,3,13.0,5.0,Yes,Tier 1
ORD1222,CUST127,Books,COD,208.52,5,5,9.0,,Yes,Tier 1
ORD1223,CUST127, Beauty ,COD,4349.1,15,2,6.0,3.0,No,
ORD1224,CUST207,Home,,2788.34,30,2,14.0,5.0,No,Tier 1
ORD1225,CUST143,Home,Credit Card,2684.66,0,4,8.0,2.0,No,Tier 2
ORD1226,CUST183,Electronics,COD,3436.74,30,5,11.0,2.0,No,Tier 1
ORD1227,CUST129,Fashion,Credit Card,2006.13,10,2,6.0,2.0,No,Tier 2
ORD1228,CUST289,Fashion,upi,365.4,10,5,2.0,2.0,No,Tier 2
ORD1229,CUST174,Beauty,UPI,963.99,20,6,1.0,5.0,No,Tier 1
ORD1230,CUST227,Fashion,Credit Card,2126.42,5,3,5.0,2.0,No,Tier 1
ORD1231,CUST349,Books,COD,693.45,10,3,14.0,3.0,No,Tier 2
ORD1232,CUST346,Fashion,UPI,1944.28,50,3,9.0,2.0,No,Tier 1
ORD1233,CUST191,Beauty,UPI,237.21,30,5,8.0,3.0,No,Tier 1
ORD1234,CUST316,Fashion,Credit Card,748.22,5,5,14.0,2.0,No,Tier 2
ORD1235,CUST330,Books,Credit Card,1394.87,50,4,13.0,5.0,No,Tier 1
ORD1236,CUST289,Electronics,Debit Card,1699.87,10,3,4.0,3.0,No,Tier 3
ORD1237,CUST324,Beauty,UPI,1490.72,20,4,,5.0,No,Tier 2
ORD1238,CUST228,Electronics,UPI,1994.78,15,3,13.0,5.0,Yes,Tier 1
ORD1239,CUST220,Electronics,COD,209.16,20,4,5.0,1.0,No,Tier 2
ORD1240,CUST126,Electronics,Debit Card,359.61,50,4,6.0,5.0,No,Tier 2
ORD1241,CUST289, Home ,,3248.2,0,6,3.0,1.0,No,Tier 1
ORD1242,CUST220,Home,UPI,1917.37,10,4,5.0,3.0,No,Tier 1
ORD1243,CUST215, Electronics ,upi,379.75,50,5,2.0,1.0,No,Tier 1
ORD1244,CUST304,Beauty,COD,2968.45,0,4,,4.0,No,Tier 1
ORD1245,CUST332,Books,UPI,616.07,0,3,1.0,4.0,No,Tier 1
ORD1246,CUST102,Books,Credit Card,1175.88,30,4,11.0,5.0,No,Tier 1
ORD1247,CUST202,Fashion,UPI,435.33,5,2,1.0,4.0,No,Tier 1
ORD1248,CUST297,Beauty,Debit Card,2057.38,30,7,10.0,5.0,Yes,Tier 2
ORD1249,CUST299,Home,COD,1848.76,10,3,7.0,3.0,Yes,Tier 2
ORD1250,CUST254,Electronics,Debit Card,555.7,0,2,2.0,5.0,Yes,Tier 2
ORD1251,CUST236,Fashion,COD,3186.06,50,3,4.0,3.0,No,Tier 2
ORD1252,CUST161,Books,COD,969.51,15,5,5.0,3.0,No,Tier 3
ORD1253,CUST264,Home,Credit Card,719.06,0,7,7.0,3.0,No,Tier 2
ORD1254,CUST324,Home,UPI,447.9,50,7,2.0,3.0,No,Tier 2
ORD1255,CUST150,Electronics,Credit Card,664.21,15,5,14.0,4.0,No,Tier 1
ORD1256,CUST333,Books,Credit Card,233.41,30,7,6.0,5.0,No,Tier 3
ORD1257,CUST271,Beauty,COD,1512.93,30,5,1.0,2.0,No,Tier 1
ORD1258,CUST251, Home ,UPI,2969.93,5,2,7.0,5.0,No,Tier 1
ORD1259,CUST306,Electronics,UPI,1394.37,50,6,9.0,5.0,No,Tier 2
ORD1260,CUST158,Beauty,Credit Card,571.3,0,3,5.0,5.0,No,Tier 1
ORD1261,CUST217,Books,UPI,251.37,20,5,5.0,3.0,No,Tier 1
ORD1262,CUST259,Home,Credit Card,562.4,30,3,4.0,4.0,No,Tier 2
ORD1263,CUST195,Beauty,Credit Card,1007.09,30,2,3.0,,Yes,
ORD1264,CUST315,,Debit Card,2338.25,5,6,9.0,5.0,No,Tier 2
ORD1265,CUST332,Beauty,Credit Card,512.09,15,2,5.0,4.0,No,Tier 3
ORD1266,CUST279,Home,Debit Card,2108.33,5,7,8.0,3.0,No,Tier 1
ORD1267,CUST212,Home,Credit Card,3225.36,0,3,9.0,3.0,No,Tier 1
ORD1268,CUST161,Fashion,Credit Card,1107.56,50,6,5.0,4.0,No,Tier 2
ORD1269,CUST340,Books,Credit Card,2784.18,10,7,10.0,5.0,No,Tier 1
ORD1270,CUST285,Electronics,UPI,1413.37,10,6,9.0,2.0,No,Tier 2
ORD1271,CUST151,Beauty,Debit Card,1720.4,50,7,2.0,4.0,No,
ORD1272,CUST111,Fashion,UPI,1320.7,15,2,9.0,4.0,No,Tier 2
ORD1273,CUST138,Electronics,UPI,1133.12,30,5,11.0,4.0,No,Tier 2
ORD1274,CUST229,Fashion,Debit Card,601.14,15,3,4.0,5.0,No,Tier 2
ORD1275,CUST230, Home ,Credit Card,741.87,30,4,6.0,5.0,No,Tier 2
ORD1276,CUST212,Beauty,UPI,713.67,30,4,6.0,4.0,Yes,Tier 2
ORD1277,CUST200,Electronics,COD,1442.73,10,2,6.0,5.0,No,Tier 1
ORD1278,CUST212,Electronics,Debit Card,391.67,15,3,2.0,3.0,No,Tier 1
ORD1279,CUST283,Electronics,UPI,3929.61,5,3,7.0,3.0,No,Tier 1
ORD1280,CUST180,Electronics,upi,2112.96,30,2,13.0,3.0,No,Tier 1
ORD1281,CUST286,Electronics,COD,969.86,20,3,6.0,2.0,No,Tier 1
ORD1282,CUST212,Fashion,Credit Card,459.08,20,5,11.0,3.0,No,Tier 2
ORD1283,CUST101,,Debit Card,3405.51,5,2,14.0,2.0,Yes,Tier 1
ORD1284,CUST229,Home,UPI,2804.02,20,5,1.0,5.0,No,Tier 2
ORD1285,CUST319,Home,UPI,2118.7,0,3,,3.0,No,Tier 3
ORD1286,CUST153,Home,UPI,675.25,30,2,7.0,5.0,No,Tier 1
ORD1287,CUST186,Home,UPI,972.37,5,3,1.0,1.0,No,Tier 1
ORD1288,CUST328,Fashion,Debit Card,362.63,15,2,1.0,,No,Tier 1
ORD1289,CUST323,Books,UPI,514.3,30,3,1.0,5.0,No,Tier 2
ORD1290,CUST324,Beauty,COD,2491.9,5,5,,1.0,No,Tier 1
ORD1291,CUST228,Electronics,Debit Card,2083.1,10,5,,5.0,Yes,Tier 1
ORD1292,CUST246, Books ,Credit Card,1550.2,15,3,4.0,4.0,No,Tier 2
ORD1293,CUST225,Home,Debit Card,3591.11,10,2,13.0,5.0,No,Tier 1
ORD1294,CUST229,Books,,1512.96,30,4,2.0,4.0,Yes,Tier 2
ORD1295,CUST152,Beauty,,1143.76,15,5,11.0,4.0,No,Tier 2
ORD1296,CUST271,Electronics,Debit Card,824.12,20,5,11.0,5.0,No,Tier 2
ORD1297,CUST317,Electronics,,4431.37,5,7,11.0,4.0,No,Tier 1
ORD1298,CUST259,Beauty,UPI,329.51,30,4,1.0,1.0,No,Tier 3
ORD1299,CUST297,Beauty,Credit Card,4208.03,0,3,12.0,5.0,No,Tier 2
ORD1300,CUST259, Home ,Credit Card,2829.22,15,2,10.0,4.0,No,Tier 1
ORD1301,CUST346,Electronics,UPI,408.77,15,7,9.0,4.0,No,Tier 1
ORD1302,CUST167,Books,UPI,1448.56,50,3,7.0,1.0,No,Tier 1
ORD1303,CUST282,Fashion,upi,3221.02,30,6,4.0,4.0,Yes,Tier 3
ORD1304,CUST302,Fashion,UPI,1472.28,30,5,12.0,,No,Tier 3
ORD1305,CUST283,Beauty,UPI,3765.96,10,6,6.0,3.0,No,Tier 2
ORD1306,CUST222,Home,UPI,4496.63,50,5,14.0,4.0,No,Tier 3
ORD1307,CUST244,Fashion,Credit Card,1023.27,20,5,2.0,5.0,No,Tier 1
ORD1308,CUST137,Electronics,upi,910.57,10,6,7.0,5.0,No,Tier 1
ORD1309,CUST123, Beauty ,Debit Card,4330.85,50,6,2.0,4.0,No,Tier 3
ORD1310,CUST168,Books,COD,1886.54,10,3,10.0,4.0,No,Tier 2
ORD1311,CUST215,Beauty,Credit Card,384.99,20,7,8.0,,No,Tier 2
ORD1312,CUST197,Books,UPI,264.82,50,7,,5.0,No,Tier 2
ORD1313,CUST297,Beauty,UPI,1447.34,50,6,1.0,2.0,No,
ORD1314,CUST313, Beauty ,COD,4192.56,0,3,13.0,2.0,Yes,Tier 2
ORD1315,CUST238,Beauty,Credit Card,2989.24,10,7,8.0,4.0,No,Tier 3
ORD1316,CUST339,Books,UPI,1889.81,10,3,2.0,3.0,No,Tier 2
ORD1317,CUST243,Books,upi,424.69,15,3,6.0,3.0,No,
ORD1318,CUST196,Beauty,UPI,640.01,20,5,13.0,5.0,No,Tier 3
ORD1319,CUST300,Fashion,UPI,3325.31,5,7,1.0,2.0,No,Tier 1
ORD1320,CUST223,Home,Credit Card,502.82,0,7,5.0,5.0,Yes,Tier 3
ORD1321,CUST286,Home,upi,689.51,50,5,11.0,3.0,Yes,Tier 2
ORD1322,CUST169,Home,Credit Card,408.2,50,6,7.0,5.0,Yes,Tier 2
ORD1323,CUST307,Books,Debit Card,1891.02,50,5,13.0,5.0,No,Tier 2
ORD1324,CUST192,Books,COD,4523.13,0,7,10.0,1.0,No,Tier 1
ORD1325,CUST102,Fashion,Credit Card,669.95,50,7,1.0,4.0,Yes,Tier 1
ORD1326,CUST247, Home ,Debit Card,1167.7,50,6,2.0,3.0,No,Tier 3
ORD1327,CUST286,Home,,1709.08,20,5,7.0,5.0,No,Tier 3
ORD1328,CUST263,Beauty,Credit Card,11503.37,30,2,6.0,5.0,No,Tier 1
ORD1329,CUST246,Books,COD,366.08,30,2,3.0,4.0,No,Tier 3
ORD1330,CUST189,Home,COD,1235.44,15,6,14.0,4.0,No,Tier 3
ORD1331,CUST294,Fashion,Debit Card,929.49,15,5,10.0,4.0,No,Tier 2
ORD1332,CUST246,Fashion,UPI,3212.86,50,5,,5.0,No,Tier 1
ORD1333,CUST247,Home,Credit Card,1169.3,20,3,10.0,4.0,No,Tier 3
ORD1334,CUST195,Books,Credit Card,376.45,50,7,,3.0,No,Tier 2
ORD1335,CUST298, Fashion ,Credit Card,1709.42,15,4,,4.0,No,Tier 3
ORD1336,CUST151,Beauty,Credit Card,2409.61,0,6,7.0,2.0,No,Tier 3
ORD1337,CUST332, Fashion ,UPI,204.33,0,4,8.0,5.0,No,Tier 3
ORD1338,CUST260,Electronics,UPI,3138.03,5,4,2.0,1.0,No,Tier 2
ORD1339,CUST267,Electronics,UPI,508.73,30,6,10.0,4.0,No,Tier 1
ORD1340,CUST227,Books,Credit Card,1404.68,20,5,7.0,3.0,No,Tier 1
ORD1341,CUST138,Home,UPI,1006.26,10,6,8.0,3.0,No,Tier 1
ORD1342,CUST181,Books,COD,2107.6,30,4,6.0,4.0,No,Tier 1
ORD1343,CUST203,Books,Credit Card,895.82,10,7,6.0,,No,Tier 2
ORD1344,CUST228, Books ,upi,3257.6,5,7,10.0,5.0,No,Tier 2
ORD1345,CUST110,Books,COD,2166.76,5,7,1.0,3.0,No,Tier 3
ORD1346,CUST319,Beauty,Credit Card,1764.96,50,5,4.0,3.0,No,Tier 1
ORD1347,CUST284,Beauty,COD,2586.22,15,2,,5.0,No,Tier 2
ORD1348,CUST316,Fashion,UPI,2303.78,5,6,1.0,4.0,No,Tier 1
ORD1349,CUST277,Electronics,,254.9,5,7,4.0,3.0,No,Tier 1
ORD1350,CUST250, Books ,UPI,953.13,10,6,2.0,5.0,No,Tier 1
ORD1351,CUST258,Fashion,UPI,4206.29,15,7,11.0,5.0,No,Tier 2
ORD1352,CUST321,Electronics,UPI,401.54,5,5,13.0,,No,Tier 1
ORD1353,CUST141,Home,UPI,2203.95,30,2,5.0,,No,Tier 2
ORD1354,CUST198,Beauty,Debit Card,5709.03,5,2,10.0,5.0,Yes,Tier 1
ORD1355,CUST106,Electronics,Debit Card,280.42,15,7,14.0,2.0,No,Tier 3
ORD1356,CUST243,Home,UPI,1919.47,50,5,,2.0,No,Tier 3
ORD1357,CUST189,Electronics,Debit Card,1147.1,20,3,11.0,4.0,No,Tier 3
ORD1358,CUST211,Beauty,Credit Card,1498.31,15,6,12.0,4.0,Yes,Tier 3
ORD1359,CUST348,Beauty,Credit Card,333.81,10,6,10.0,4.0,No,Tier 3
ORD1360,CUST343,Fashion,,265.94,20,4,3.0,4.0,Yes,Tier 3
ORD1361,CUST159,Books,UPI,1848.82,30,5,8.0,4.0,No,Tier 2
ORD1362,CUST212,Electronics,Credit Card,2800.03,0,4,3.0,4.0,No,Tier 1
ORD1363,CUST101,Electronics,Credit Card,2485.0,15,7,6.0,1.0,No,Tier 1
ORD1364,CUST228,Home,Credit Card,1377.25,50,4,4.0,3.0,No,Tier 1
ORD1365,CUST147,Beauty,upi,357.82,10,2,8.0,4.0,No,Tier 2
ORD1366,CUST239,Electronics,UPI,1947.34,30,6,11.0,5.0,No,Tier 2
ORD1367,CUST296,Beauty,upi,615.39,20,4,6.0,3.0,Yes,Tier 3
ORD1368,CUST136,Electronics,UPI,3829.84,30,2,8.0,4.0,No,Tier 3
ORD1369,CUST259, Fashion ,UPI,2932.7,15,5,1.0,5.0,No,Tier 1
ORD1370,CUST346,Books,UPI,2053.62,5,4,6.0,4.0,No,Tier 2
ORD1371,CUST108,Electronics,Debit Card,4659.37,50,7,,1.0,No,Tier 3
ORD1372,CUST332,Beauty,Credit Card,247.89,15,7,1.0,4.0,No,Tier 1
ORD1373,CUST198,Fashion,COD,2198.85,0,7,8.0,3.0,Yes,Tier 2
ORD1374,CUST246,Electronics,COD,801.26,15,6,7.0,,No,Tier 1
ORD1375,CUST147, Home ,UPI,3747.74,20,4,3.0,2.0,No,Tier 2
ORD1376,CUST307,Books,upi,665.25,20,5,6.0,5.0,No,Tier 1
ORD1377,CUST230,Electronics,COD,2135.69,15,4,,2.0,No,Tier 3
ORD1378,CUST247,Fashion,Debit Card,3351.27,20,6,7.0,4.0,No,Tier 2
ORD1379,CUST251,Home,Credit Card,263.82,5,2,12.0,4.0,No,Tier 1
ORD1380,CUST153,Fashion,UPI,960.37,30,6,3.0,3.0,No,Tier 1
ORD1381,CUST219, Fashion ,UPI,2355.18,15,7,14.0,4.0,No,Tier 2
ORD1382,CUST260,Home,Credit Card,1110.23,50,2,14.0,3.0,Yes,Tier 3
ORD1383,CUST251,Fashion,Credit Card,666.43,5,7,13.0,4.0,Yes,Tier 2
ORD1384,CUST215,Home,COD,572.32,30,3,6.0,4.0,No,Tier 2
ORD1385,CUST174,Electronics,Credit Card,411.51,50,6,11.0,4.0,No,Tier 1
ORD1386,CUST212,Home,UPI,3118.73,50,6,4.0,5.0,No,Tier 2
ORD1387,CUST299,Home,upi,1484.75,50,5,14.0,4.0,No,Tier 2
ORD1388,CUST263,Books,COD,319.19,30,4,13.0,4.0,No,Tier 2
ORD1389,CUST265, Home ,Credit Card,923.31,5,2,3.0,1.0,No,Tier 1
ORD1390,CUST203, Home ,COD,887.67,50,2,9.0,4.0,No,Tier 2
ORD1391,CUST183,Electronics,Credit Card,500.86,50,5,10.0,5.0,No,Tier 2
ORD1392,CUST326,Books,Credit Card,1057.74,10,5,2.0,3.0,No,Tier 3
ORD1393,CUST211,Beauty,Debit Card,805.42,15,4,1.0,5.0,No,Tier 3
ORD1394,CUST316,Electronics,UPI,827.38,30,7,14.0,3.0,No,Tier 2
ORD1395,CUST198,Electronics,UPI,2215.0,30,4,2.0,5.0,No,Tier 2
ORD1396,CUST252, Beauty ,UPI,578.98,20,6,7.0,2.0,No,Tier 1
ORD1397,CUST192, Home ,,1740.25,30,7,10.0,5.0,Yes,Tier 3
ORD1398,CUST245, Fashion ,Credit Card,1468.22,5,3,1.0,4.0,No,Tier 1
ORD1399,CUST227,Books,UPI,1459.32,30,4,6.0,3.0,No,Tier 1
ORD1400,CUST209,Fashion,COD,1831.54,10,5,14.0,3.0,No,Tier 1
ORD1401,CUST181,Beauty,Debit Card,1392.38,15,7,7.0,4.0,Yes,Tier 3
ORD1402,CUST293, Electronics ,Credit Card,3371.11,15,4,9.0,,No,Tier 1
ORD1403,CUST153,Electronics,UPI,1888.57,30,2,14.0,3.0,No,Tier 2
ORD1404,CUST262,Books,Credit Card,1387.67,50,3,8.0,2.0,No,Tier 2
ORD1405,CUST307,Electronics,Credit Card,2855.85,0,6,6.0,4.0,No,Tier 1
ORD1406,CUST288, Electronics ,COD,1597.66,0,2,3.0,4.0,No,Tier 1
ORD1407,CUST268,Books,Credit Card,716.15,50,2,,4.0,Yes,Tier 3
ORD1408,CUST327,Books,Credit Card,548.08,50,3,7.0,5.0,No,Tier 3
ORD1409,CUST260,Beauty,Debit Card,447.89,50,6,3.0,3.0,No,Tier 1
ORD1410,CUST167,Electronics,Debit Card,3645.73,5,5,9.0,,No,Tier 3
ORD1411,CUST132,Electronics,Debit Card,2057.51,0,7,12.0,4.0,No,Tier 2
ORD1412,CUST241,Beauty,Credit Card,4355.97,50,6,2.0,2.0,No,Tier 1
ORD1413,CUST120,Home,,1586.83,5,4,3.0,5.0,No,Tier 2
ORD1414,CUST147,Home,Credit Card,1161.97,20,2,2.0,4.0,No,Tier 3
ORD1415,CUST247,Home,Credit Card,292.36,5,4,13.0,4.0,No,Tier 2
ORD1416,CUST347,Beauty,Debit Card,1870.48,0,5,1.0,4.0,No,Tier 1
ORD1417,CUST227,Electronics,,1509.16,30,4,4.0,3.0,No,Tier 3
ORD1418,CUST235,Beauty,,7139.42,20,6,5.0,4.0,No,Tier 2
ORD1419,CUST234, Beauty ,COD,610.0,0,4,13.0,5.0,No,
ORD1420,CUST294, Home ,UPI,1334.89,5,5,6.0,3.0,No,Tier 2
ORD1421,CUST244,Fashion,,1778.84,10,5,5.0,4.0,No,Tier 2
ORD1422,CUST227,Electronics,UPI,1751.73,15,5,1.0,5.0,No,Tier 3
ORD1423,CUST132,Home,UPI,1435.89,0,6,3.0,,No,Tier 2
ORD1424,CUST275,Fashion,UPI,2450.39,50,5,1.0,4.0,Yes,Tier 1
ORD1425,CUST303,Fashion,Credit Card,544.08,5,2,11.0,4.0,No,Tier 2
ORD1426,CUST286,,UPI,2139.9,50,5,5.0,4.0,No,Tier 2
ORD1427,CUST214, Electronics ,upi,1650.33,50,4,5.0,,Yes,Tier 1
ORD1428,CUST313,Fashion,Credit Card,3596.13,50,7,12.0,5.0,No,Tier 2
ORD1429,CUST218,Home,Credit Card,3017.88,50,4,11.0,3.0,No,Tier 3
ORD1430,CUST121, Books ,UPI,767.83,50,7,13.0,4.0,No,Tier 1
ORD1431,CUST337,Electronics,COD,684.94,20,4,6.0,4.0,No,Tier 2
ORD1432,CUST257,Beauty,UPI,6197.46,0,6,8.0,5.0,No,Tier 1
ORD1433,CUST137,Home,Debit Card,1323.83,0,4,10.0,4.0,No,Tier 1
ORD1434,CUST329,Fashion,Credit Card,3753.42,15,6,12.0,5.0,No,Tier 1
ORD1435,CUST208,,Debit Card,468.48,5,6,1.0,,No,Tier 1
ORD1436,CUST150,Home,UPI,1744.27,10,5,4.0,2.0,Yes,Tier 3
ORD1437,CUST281,Fashion,COD,2689.99,20,2,10.0,3.0,No,Tier 1
ORD1438,CUST107, Books ,Debit Card,4617.42,5,7,11.0,4.0,No,Tier 2
ORD1439,CUST126,Electronics,Credit Card,817.24,20,5,1.0,4.0,No,Tier 1
ORD1440,CUST126,Books,Credit Card,2136.37,0,5,9.0,1.0,No,Tier 3
ORD1441,CUST325,Fashion,Credit Card,1360.93,50,6,11.0,2.0,No,Tier 2
ORD1442,CUST120,Beauty,UPI,293.82,15,6,7.0,5.0,Yes,Tier 2
ORD1443,CUST129,Electronics,Credit Card,1956.77,15,7,7.0,5.0,No,Tier 1
ORD1444,CUST196,Electronics,Debit Card,1957.24,30,4,12.0,4.0,No,Tier 1
ORD1445,CUST127, Home ,UPI,4201.95,10,4,5.0,4.0,No,Tier 1
ORD1446,CUST210,Home,Credit Card,1231.68,15,5,7.0,3.0,Yes,Tier 3
ORD1447,CUST291,Beauty,Credit Card,592.54,50,3,12.0,5.0,No,Tier 2
ORD1448,CUST324,Electronics,Credit Card,268.38,0,3,2.0,5.0,No,Tier 2
ORD1449,CUST296,Beauty,COD,1005.86,10,4,14.0,4.0,No,Tier 2
ORD1450,CUST160,Home,Credit Card,739.13,5,3,13.0,3.0,No,Tier 1
ORD1451,CUST147,Home,Debit Card,2347.49,50,4,4.0,2.0,No,Tier 2
ORD1452,CUST246,Electronics,COD,856.06,50,6,14.0,2.0,No,Tier 2
ORD1453,CUST103,Books,Debit Card,4665.99,15,5,14.0,4.0,No,Tier 2
ORD1454,CUST134,Fashion,COD,5117.55,10,2,7.0,5.0,No,Tier 2
ORD1455,CUST291,Home,UPI,1654.97,0,5,3.0,5.0,No,Tier 1
ORD1456,CUST148,Home,upi,4160.45,30,4,,4.0,No,Tier 1
ORD1457,CUST116,Books,Credit Card,2346.02,20,4,10.0,5.0,No,Tier 3
ORD1458,CUST271,Books,Credit Card,1387.33,20,5,2.0,,No,Tier 2
ORD1459,CUST319,Beauty,Debit Card,498.24,0,7,13.0,3.0,No,Tier 1
ORD1460,CUST257,Beauty,upi,1120.39,0,4,1.0,4.0,Yes,Tier 3
ORD1461,CUST320,Fashion,COD,1434.45,20,3,5.0,,No,Tier 1
ORD1462,CUST145,Fashion,Credit Card,3192.23,30,3,12.0,4.0,No,Tier 3
ORD1463,CUST216,Electronics,Credit Card,1184.74,10,4,6.0,,No,Tier 3
ORD1464,CUST105,Beauty,upi,3619.4,20,4,6.0,,No,Tier 3
ORD1465,CUST198,Home,Credit Card,1882.89,0,7,9.0,5.0,No,Tier 3
ORD1466,CUST223, Beauty ,COD,421.01,15,3,4.0,5.0,Yes,Tier 1
ORD1467,CUST332,Home,,8141.9,5,4,1.0,5.0,No,Tier 1
ORD1468,CUST136,Books,UPI,1323.73,30,4,6.0,5.0,No,Tier 2
ORD1469,CUST123,Beauty,UPI,946.02,50,7,5.0,4.0,No,Tier 1
ORD1470,CUST192,Books,UPI,1814.31,30,7,,2.0,No,
ORD1471,CUST340,Fashion,Credit Card,372.94,15,5,6.0,4.0,No,Tier 2
ORD1472,CUST145,Fashion,COD,1718.12,15,7,,5.0,No,Tier 1
ORD1473,CUST280,Electronics,UPI,1234.44,50,2,2.0,2.0,No,Tier 3
ORD1474,CUST194,Beauty,COD,983.02,0,3,6.0,1.0,No,Tier 3
ORD1475,CUST198,Books,Credit Card,4787.05,20,5,13.0,3.0,No,Tier 3
ORD1476,CUST287,Home,upi,1308.91,10,2,1.0,5.0,No,Tier 2
ORD1477,CUST324,Fashion,UPI,571.0,30,4,7.0,,No,Tier 3
ORD1478,CUST215,Fashion,Credit Card,1121.4,50,4,7.0,,No,Tier 3
ORD1479,CUST290,Home,Credit Card,3977.15,30,5,10.0,4.0,No,Tier 2
ORD1480,CUST312,Books,Debit Card,490.55,15,7,13.0,5.0,Yes,Tier 1
ORD1481,CUST259,Books,Debit Card,561.12,20,4,7.0,5.0,No,Tier 3
ORD1482,CUST314,Beauty,COD,219.67,30,6,12.0,4.0,Yes,Tier 3
ORD1483,CUST260,,Credit Card,221.44,10,5,11.0,4.0,No,Tier 2
ORD1484,CUST166,Electronics,Credit Card,2852.58,15,2,10.0,3.0,No,Tier 1
ORD1485,CUST227,Fashion,UPI,2175.84,10,5,1.0,,No,Tier 2
ORD1486,CUST117,Beauty,UPI,857.85,20,3,,4.0,No,Tier 1
ORD1487,CUST124,Books,UPI,1997.54,30,7,13.0,4.0,No,Tier 3
ORD1488,CUST333,Home,upi,954.3,5,7,7.0,5.0,No,Tier 3
ORD1489,CUST322,Books,upi,4783.12,30,5,11.0,4.0,No,Tier 1
ORD1490,CUST153,Fashion,upi,5319.27,20,4,9.0,3.0,No,Tier 2
ORD1491,CUST157,Books,COD,948.33,30,4,5.0,4.0,No,Tier 1
ORD1492,CUST166,Electronics,UPI,3088.5,50,6,13.0,1.0,No,Tier 2
ORD1493,CUST203,Fashion,UPI,2424.8,30,6,2.0,5.0,No,Tier 1
ORD1494,CUST273,Home,UPI,756.6,0,7,7.0,4.0,No,Tier 2
ORD1495,CUST123,Electronics,COD,596.03,30,6,10.0,4.0,No,Tier 1
ORD1496,CUST213,Fashion,Credit Card,1119.38,30,2,1.0,4.0,Yes,Tier 1
ORD1497,CUST131,Home,UPI,2480.42,10,6,7.0,4.0,No,Tier 1
ORD1498,CUST274, Electronics ,Credit Card,5034.62,5,2,6.0,4.0,No,Tier 1
ORD1499,CUST185,Electronics,UPI,2363.21,10,6,7.0,5.0,No,Tier 2
ORD1500,CUST250,Fashion,COD,3098.68,10,7,14.0,5.0,No,Tier 1
ORD1501,CUST293,Beauty,COD,1585.97,15,7,13.0,5.0,No,Tier 2
ORD1502,CUST226,,Credit Card,2906.43,0,2,10.0,5.0,No,Tier 3
ORD1503,CUST254,Electronics,upi,2501.64,10,5,3.0,3.0,No,Tier 3
ORD1504,CUST333,Home,Debit Card,909.78,50,7,3.0,4.0,Yes,Tier 3
ORD1505,CUST229,Books,Credit Card,1404.41,20,5,7.0,,No,Tier 3
ORD1506,CUST317,Fashion,Credit Card,2650.24,50,4,13.0,4.0,No,Tier 1
ORD1507,CUST116,Fashion,Credit Card,270.73,20,2,2.0,2.0,No,Tier 1
ORD1508,CUST203,Beauty,Credit Card,2676.01,30,7,1.0,4.0,No,Tier 2
ORD1509,CUST260,Beauty,upi,493.82,15,3,9.0,2.0,No,Tier 3
ORD1510,CUST236,Fashion,UPI,1284.43,0,4,9.0,3.0,No,Tier 3
ORD1511,CUST142,Beauty,COD,2677.54,50,5,7.0,,No,Tier 1
ORD1512,CUST345,Home,UPI,639.18,0,7,7.0,4.0,No,Tier 1
ORD1513,CUST275,,Credit Card,623.16,50,2,3.0,3.0,Yes,Tier 1
ORD1514,CUST138,Beauty,UPI,973.17,30,6,,,No,Tier 2
ORD1515,CUST320,,Credit Card,3575.6,20,3,,,No,Tier 2
ORD1516,CUST269,Books,,200.66,5,5,11.0,4.0,No,Tier 1
ORD1517,CUST346,Electronics,upi,3674.77,15,4,7.0,3.0,No,Tier 2
ORD1518,CUST125, Fashion ,UPI,450.51,50,2,9.0,5.0,No,Tier 2
ORD1519,CUST198,Electronics,Debit Card,7120.77,50,3,1.0,5.0,No,Tier 2
ORD1520,CUST149,Beauty,Credit Card,4846.55,30,2,13.0,5.0,No,Tier 1
ORD1521,CUST252,Electronics,Credit Card,1223.83,15,7,14.0,5.0,No,Tier 3
ORD1522,CUST251, Fashion ,Credit Card,1278.38,20,6,4.0,5.0,No,Tier 2
ORD1523,CUST112,Books,UPI,1185.37,20,4,6.0,3.0,No,Tier 3
ORD1524,CUST159,Beauty,Credit Card,1713.61,50,2,7.0,5.0,No,Tier 3
ORD1525,CUST349,Fashion,UPI,342.66,5,5,10.0,4.0,No,Tier 1
ORD1526,CUST234,Beauty,UPI,249.74,5,7,7.0,5.0,Yes,Tier 1
ORD1527,CUST156, Home ,UPI,289.15,0,7,10.0,4.0,Yes,Tier 2
ORD1528,CUST135,Electronics,,1081.47,15,4,2.0,2.0,No,Tier 1
ORD1529,CUST272,Home,Credit Card,683.51,15,7,14.0,4.0,No,Tier 3
ORD1530,CUST119,Fashion,upi,1659.45,20,5,4.0,4.0,No,Tier 2
ORD1531,CUST164,Books,Debit Card,7527.78,0,2,5.0,4.0,No,Tier 3
ORD1532,CUST107,Beauty,UPI,932.43,30,4,14.0,4.0,No,Tier 1
ORD1533,CUST337,Electronics,,1479.42,15,7,12.0,4.0,No,Tier 1
ORD1534,CUST243, Beauty ,upi,1005.76,0,7,1.0,5.0,No,Tier 2
ORD1535,CUST241,Fashion,Debit Card,3018.64,0,5,1.0,2.0,Yes,Tier 1
ORD1536,CUST303,Beauty,UPI,3687.8,50,6,10.0,5.0,No,Tier 2
ORD1537,CUST214,Electronics,COD,3347.7,20,6,3.0,5.0,No,Tier 3
ORD1538,CUST314,Fashion,Credit Card,5696.12,0,7,10.0,5.0,No,Tier 1
ORD1539,CUST242,Beauty,UPI,241.86,5,2,3.0,4.0,No,Tier 2
ORD1540,CUST191,Books,Debit Card,2947.15,5,4,12.0,,No,Tier 1
ORD1541,CUST197,Fashion,Credit Card,2290.11,10,7,8.0,3.0,No,Tier 1
ORD1542,CUST165,Fashion,upi,589.51,20,3,9.0,1.0,Yes,Tier 3
ORD1543,CUST131,Books,Debit Card,4896.3,50,4,14.0,4.0,No,Tier 3
ORD1544,CUST314,Home,UPI,440.57,30,6,11.0,1.0,No,Tier 2
ORD1545,CUST290,Electronics,Credit Card,1907.04,10,7,12.0,,No,Tier 3
ORD1546,CUST185,Home,Credit Card,582.13,5,5,1.0,3.0,No,Tier 2
ORD1547,CUST150,Beauty,UPI,1046.82,50,3,14.0,5.0,No,Tier 1
ORD1548,CUST252,Books,COD,2104.95,10,7,11.0,5.0,Yes,Tier 1
ORD1549,CUST285,Home,Credit Card,1442.85,20,2,2.0,3.0,No,Tier 3
ORD1550,CUST162,Fashion,UPI,1036.62,50,3,10.0,4.0,No,Tier 1
ORD1551,CUST289,Beauty,Debit Card,792.54,20,7,2.0,1.0,No,Tier 2
ORD1552,CUST224,Beauty,Credit Card,2945.68,0,2,4.0,4.0,Yes,Tier 2
ORD1553,CUST249, Home ,Debit Card,432.9,15,3,2.0,1.0,No,Tier 2
ORD1554,CUST157, Home ,Credit Card,1043.45,0,2,7.0,,No,Tier 2
ORD1555,CUST157,Books,upi,3711.33,20,2,13.0,,No,Tier 1
ORD1556,CUST185,Electronics,UPI,3004.74,50,3,9.0,3.0,No,Tier 1
ORD1557,CUST148,Home,Credit Card,968.59,5,3,,3.0,No,Tier 2
ORD1558,CUST279,Home,UPI,2360.23,30,2,12.0,5.0,No,Tier 2
ORD1559,CUST269,Fashion,UPI,2798.77,5,6,6.0,3.0,No,Tier 2
ORD1560,CUST169,Beauty,COD,3495.82,50,3,10.0,5.0,No,Tier 2
ORD1561,CUST114, Electronics ,Debit Card,1379.56,0,7,1.0,4.0,No,Tier 1
ORD1562,CUST153,Fashion,Debit Card,543.1,30,4,11.0,4.0,No,Tier 3
ORD1563,CUST334,Books,Credit Card,642.18,50,5,,5.0,No,Tier 2
ORD1564,CUST287,Books,Credit Card,725.81,20,2,9.0,4.0,No,Tier 1
ORD1565,CUST200,Home,Credit Card,1551.37,5,2,5.0,,No,Tier 2
ORD1566,CUST324, Home ,UPI,250.04,20,5,11.0,,No,Tier 3
ORD1567,CUST107,Books,COD,1716.08,30,6,5.0,3.0,No,Tier 3
ORD1568,CUST152,Home,UPI,879.67,30,5,6.0,1.0,No,Tier 1
ORD1569,CUST159,Electronics,Credit Card,724.85,5,3,9.0,,No,Tier 2
ORD1570,CUST335,Home,UPI,3374.12,20,5,13.0,,Yes,Tier 1
ORD1571,CUST207,Beauty,COD,1124.29,10,2,8.0,2.0,Yes,Tier 1
ORD1572,CUST104,Home,Debit Card,349.82,20,5,8.0,5.0,No,Tier 2
ORD1573,CUST202,Fashion,COD,2829.5,30,4,14.0,4.0,No,Tier 2
ORD1574,CUST295,Electronics,Credit Card,273.22,20,7,8.0,3.0,No,Tier 2
ORD1575,CUST105,Fashion,Credit Card,2146.05,50,3,1.0,5.0,No,Tier 1
ORD1576,CUST208,,COD,2430.21,0,5,1.0,3.0,No,Tier 1
ORD1577,CUST323,Beauty,Debit Card,852.19,10,2,8.0,,No,Tier 2
ORD1578,CUST215,Electronics,UPI,2812.64,15,7,5.0,3.0,No,Tier 1
ORD1579,CUST193, Electronics ,Debit Card,1287.45,50,3,9.0,4.0,No,Tier 1
ORD1580,CUST146,Electronics,COD,1133.46,0,2,2.0,3.0,No,Tier 1
ORD1581,CUST198,Electronics,Debit Card,269.7,15,6,9.0,4.0,No,Tier 1
ORD1582,CUST154,Electronics,Debit Card,713.8,5,4,12.0,5.0,No,Tier 1
ORD1583,CUST267,Beauty,UPI,4210.69,15,6,14.0,3.0,Yes,Tier 2
ORD1584,CUST151,Home,UPI,945.94,50,4,8.0,4.0,Yes,Tier 1
ORD1585,CUST243,Fashion,UPI,1386.8,20,5,9.0,4.0,Yes,Tier 1
ORD1586,CUST112,Electronics,COD,1339.0,50,3,4.0,2.0,No,Tier 2
ORD1587,CUST213,Home,COD,1538.98,15,5,1.0,5.0,No,Tier 1
ORD1588,CUST223,Home,COD,294.94,30,4,1.0,4.0,No,Tier 2
ORD1589,CUST205,Fashion,Credit Card,874.54,0,4,5.0,4.0,No,Tier 1
ORD1590,CUST257,Beauty,Debit Card,2126.3,0,4,2.0,4.0,No,Tier 1
ORD1591,CUST246,Books,COD,535.77,15,7,14.0,4.0,No,Tier 1
ORD1592,CUST244,Books,Debit Card,541.44,0,2,8.0,2.0,No,Tier 1
ORD1593,CUST219,Home,COD,215.21,30,3,10.0,4.0,Yes,Tier 2
ORD1594,CUST162,Fashion,COD,1063.0,50,5,11.0,4.0,No,Tier 3
ORD1595,CUST118,Books,UPI,3414.97,0,5,5.0,5.0,No,Tier 1
ORD1596,CUST191,Home,UPI,279.94,15,6,5.0,5.0,Yes,Tier 1
ORD1597,CUST157,Beauty,Credit Card,518.15,10,4,2.0,4.0,No,Tier 2
ORD1598,CUST282,Books,UPI,756.78,10,4,7.0,2.0,No,Tier 2
ORD1599,CUST189,Home,Debit Card,2173.61,5,4,,3.0,No,Tier 3
ORD1600,CUST328,Home,COD,1735.13,0,5,8.0,3.0,Yes,Tier 1
ORD1601,CUST317,Electronics,Credit Card,1006.64,50,6,10.0,2.0,Yes,Tier 3
ORD1602,CUST216,Beauty,Credit Card,2334.87,15,2,13.0,4.0,No,Tier 1
ORD1603,CUST161,Electronics,Debit Card,1610.99,0,7,1.0,3.0,Yes,Tier 1
ORD1604,CUST122,Fashion,,3595.64,20,3,2.0,3.0,No,Tier 3
ORD1605,CUST226,Electronics,Credit Card,2755.84,30,2,10.0,2.0,No,Tier 2
ORD1606,CUST236,Electronics,Credit Card,637.16,0,5,4.0,1.0,Yes,Tier 2
ORD1607,CUST239,Books,Credit Card,675.03,0,7,5.0,2.0,No,Tier 2
ORD1608,CUST344,Home,Credit Card,400.91,10,7,13.0,3.0,No,Tier 2
ORD1609,CUST228,Beauty,UPI,816.39,30,7,2.0,4.0,Yes,Tier 1
ORD1610,CUST157,Electronics,UPI,11739.26,15,4,,4.0,No,Tier 2
ORD1611,CUST221,Beauty,,980.69,0,3,9.0,3.0,No,Tier 1
ORD1612,CUST100,Electronics,UPI,573.63,10,5,14.0,4.0,No,Tier 3
ORD1613,CUST338,Fashion,Debit Card,2356.27,5,5,1.0,4.0,No,Tier 3
ORD1614,CUST133,Electronics,Credit Card,1372.87,30,7,13.0,3.0,No,Tier 1
ORD1615,CUST195,Books,Credit Card,443.08,10,5,4.0,1.0,No,Tier 1
ORD1616,CUST225,Home,Debit Card,918.72,10,3,2.0,4.0,No,Tier 1
ORD1617,CUST217,Fashion,Credit Card,1002.86,50,3,11.0,5.0,No,Tier 1
ORD1618,CUST147,Electronics,UPI,2302.6,10,6,4.0,3.0,No,Tier 3
ORD1619,CUST188,Beauty,UPI,231.33,50,6,8.0,3.0,No,Tier 1
ORD1620,CUST331,Fashion,Debit Card,670.05,0,2,8.0,5.0,Yes,Tier 1
ORD1621,CUST336,Fashion,Credit Card,1293.46,0,3,11.0,3.0,No,Tier 3
ORD1622,CUST216,Electronics,UPI,669.7,5,3,12.0,3.0,No,Tier 3
ORD1623,CUST228,Fashion,Debit Card,1685.04,20,3,9.0,5.0,Yes,Tier 2
ORD1624,CUST115,Beauty,Credit Card,1186.29,20,6,13.0,5.0,No,Tier 2
ORD1625,CUST288,Fashion,Debit Card,873.44,20,7,11.0,4.0,Yes,Tier 2
ORD1626,CUST330,Beauty,Debit Card,4670.04,50,7,12.0,4.0,Yes,
ORD1627,CUST291, Electronics ,upi,1700.16,30,5,5.0,3.0,No,Tier 2
ORD1628,CUST290,Home,Credit Card,408.79,30,7,,2.0,No,Tier 2
ORD1629,CUST168,Fashion,COD,1431.78,5,4,3.0,4.0,Yes,Tier 1
ORD1630,CUST121,Home,UPI,2476.19,30,6,10.0,2.0,No,Tier 1
ORD1631,CUST192,Beauty,UPI,2049.02,20,3,4.0,4.0,No,Tier 2
ORD1632,CUST346,Fashion,,483.27,20,7,10.0,,Yes,Tier 3
ORD1633,CUST294,Books,Debit Card,5586.0,10,6,9.0,,No,Tier 3
ORD1634,CUST175,Home,Credit Card,1093.52,30,7,10.0,3.0,No,Tier 3
ORD1635,CUST253,Fashion,UPI,459.79,0,2,10.0,4.0,No,Tier 2
ORD1636,CUST243,Home,Credit Card,498.03,0,3,14.0,4.0,No,Tier 2
ORD1637,CUST278,Fashion,COD,355.1,10,2,12.0,5.0,No,Tier 3
ORD1638,CUST328,Electronics,COD,2640.78,10,3,1.0,3.0,No,Tier 2
ORD1639,CUST185,Home,Debit Card,395.22,10,6,2.0,1.0,No,Tier 1
ORD1640,CUST284,Books,Credit Card,400.51,0,5,,3.0,No,Tier 2
ORD1641,CUST128,Books,Credit Card,3050.4,20,7,3.0,4.0,No,Tier 3
ORD1642,CUST305,Beauty,Debit Card,833.77,10,7,2.0,4.0,Yes,Tier 1
ORD1643,CUST319,Fashion,UPI,247.02,5,4,1.0,5.0,No,Tier 3
ORD1644,CUST168,Home,Credit Card,279.94,50,2,10.0,5.0,No,Tier 1
ORD1645,CUST146,Beauty,Debit Card,430.02,10,7,3.0,3.0,Yes,Tier 2
ORD1646,CUST340,Home,upi,560.04,50,6,1.0,4.0,Yes,Tier 2
ORD1647,CUST193,Fashion,Debit Card,1841.09,15,5,12.0,2.0,No,Tier 2
ORD1648,CUST337,Books,Debit Card,456.76,10,6,1.0,5.0,No,Tier 1
ORD1649,CUST289,Electronics,upi,389.83,0,2,12.0,,Yes,Tier 3
ORD1650,CUST343,Books,Credit Card,2370.46,30,4,1.0,,No,Tier 2
ORD1651,CUST296,Beauty,UPI,1867.8,10,7,8.0,5.0,No,Tier 1
ORD1652,CUST303,Electronics,upi,1057.26,30,6,3.0,3.0,No,Tier 2
ORD1653,CUST243,Beauty,Credit Card,1395.46,15,3,11.0,1.0,No,Tier 1
ORD1654,CUST317,Fashion,Debit Card,760.91,5,5,1.0,4.0,No,Tier 1
ORD1655,CUST317,Electronics,UPI,1188.12,30,6,7.0,,No,Tier 1
ORD1656,CUST275,Beauty,UPI,1259.87,50,5,10.0,3.0,No,Tier 3
ORD1657,CUST184,Fashion,Debit Card,934.67,20,7,3.0,1.0,No,Tier 2
ORD1658,CUST138,Books,upi,3755.85,10,3,8.0,5.0,No,Tier 2
ORD1659,CUST199,Fashion,COD,224.29,15,4,4.0,2.0,No,Tier 1
ORD1660,CUST132,Home,Credit Card,2486.07,15,4,4.0,4.0,No,Tier 1
ORD1661,CUST321,Fashion,COD,399.24,30,3,5.0,5.0,Yes,Tier 3
ORD1662,CUST200,Fashion,Credit Card,2595.87,5,5,6.0,3.0,Yes,Tier 2
ORD1663,CUST122,Home,UPI,1635.33,0,7,7.0,2.0,No,Tier 3
ORD1664,CUST349,Beauty,UPI,2979.92,10,6,14.0,5.0,No,Tier 1
ORD1665,CUST109,Beauty,UPI,353.9,15,3,14.0,4.0,No,Tier 1
ORD1666,CUST345, Fashion ,UPI,1428.0,5,2,4.0,,No,Tier 3
ORD1667,CUST168,Home,upi,1242.99,20,5,8.0,4.0,No,Tier 2
ORD1668,CUST199,Home,Debit Card,2037.25,15,4,13.0,2.0,Yes,Tier 1
ORD1669,CUST133,Books,Debit Card,1346.29,5,3,6.0,5.0,Yes,Tier 1
ORD1670,CUST279,Beauty,Credit Card,1367.19,0,4,14.0,4.0,No,Tier 3
ORD1671,CUST322,Electronics,upi,1042.12,0,5,1.0,3.0,No,Tier 2
ORD1672,CUST237,Beauty,upi,754.06,15,4,1.0,5.0,No,Tier 2
ORD1673,CUST349,Beauty,COD,1187.44,50,3,9.0,3.0,No,Tier 1
ORD1674,CUST246,Books,Credit Card,389.18,15,5,10.0,3.0,No,Tier 1
ORD1675,CUST285,Electronics,Credit Card,5086.17,30,2,6.0,2.0,No,Tier 3
ORD1676,CUST195,Books,Credit Card,2079.8,10,3,10.0,4.0,No,Tier 1
ORD1677,CUST100,Electronics,Credit Card,4769.5,5,6,8.0,4.0,No,Tier 2
ORD1678,CUST347,Fashion,UPI,585.69,15,7,13.0,4.0,No,Tier 3
ORD1679,CUST168,Electronics,upi,3372.18,10,3,7.0,5.0,Yes,Tier 1
ORD1680,CUST336,Books,UPI,2681.57,30,5,12.0,,Yes,Tier 1
ORD1681,CUST103,Beauty,Credit Card,1895.86,10,7,6.0,3.0,Yes,Tier 2
ORD1682,CUST115,Electronics,,1671.36,15,3,4.0,2.0,No,Tier 2
ORD1683,CUST123,Electronics,Credit Card,770.9,0,2,7.0,1.0,No,Tier 2
ORD1684,CUST179,Home,Credit Card,2742.58,5,2,9.0,3.0,No,Tier 1
ORD1685,CUST346,Beauty,,1244.27,5,6,14.0,5.0,Yes,Tier 2
ORD1686,CUST101,Fashion,Credit Card,310.29,0,4,11.0,5.0,No,Tier 2
ORD1687,CUST340,Books,COD,762.83,50,7,10.0,5.0,No,Tier 2
ORD1688,CUST319,Fashion,upi,4306.92,15,5,10.0,3.0,No,Tier 1
ORD1689,CUST227,Beauty,UPI,3052.5,5,5,14.0,4.0,No,
ORD1690,CUST259,Electronics,UPI,6218.24,15,4,7.0,4.0,No,Tier 3
ORD1691,CUST318,Electronics,COD,1683.27,30,2,1.0,2.0,No,Tier 2
ORD1692,CUST183, Beauty ,,626.55,15,2,10.0,4.0,No,Tier 2
ORD1693,CUST251,Electronics,Credit Card,466.57,10,3,9.0,,No,Tier 2
ORD1694,CUST239,Electronics,COD,510.38,0,6,13.0,4.0,No,Tier 3
ORD1695,CUST277,Electronics,Credit Card,229.99,50,7,4.0,5.0,Yes,Tier 3
ORD1696,CUST262,,Debit Card,943.12,15,6,3.0,4.0,No,Tier 1
ORD1697,CUST223,Books,UPI,518.73,50,6,4.0,2.0,Yes,Tier 1
ORD1698,CUST132,Home,UPI,995.66,50,3,4.0,4.0,No,Tier 1
ORD1699,CUST260,Fashion,UPI,4299.92,30,6,13.0,3.0,No,Tier 1
ORD1700,CUST288,Beauty,COD,1044.6,20,4,10.0,1.0,No,Tier 1
ORD1701,CUST278,Beauty,Credit Card,3355.41,0,3,11.0,4.0,No,Tier 3
ORD1702,CUST270,Beauty,Credit Card,1595.22,50,4,2.0,5.0,No,Tier 1
ORD1703,CUST200,Home,,625.8,5,3,14.0,4.0,No,Tier 2
ORD1704,CUST111, Books ,UPI,859.75,10,6,12.0,4.0,No,Tier 2
ORD1705,CUST166,Home,Credit Card,331.48,5,4,14.0,5.0,No,Tier 1
ORD1706,CUST164,Beauty,COD,808.49,30,4,1.0,5.0,Yes,Tier 3
ORD1707,CUST260,Fashion,UPI,1897.67,30,4,12.0,5.0,No,Tier 3
ORD1708,CUST267,Electronics,,312.26,5,3,10.0,3.0,No,Tier 2
ORD1709,CUST173,Books,COD,544.88,0,5,12.0,,No,Tier 1
ORD1710,CUST142,Books,Debit Card,920.54,5,6,1.0,3.0,No,
ORD1711,CUST143,Home,UPI,6230.21,15,4,13.0,4.0,No,Tier 2
ORD1712,CUST128,Books,upi,2504.71,5,7,14.0,1.0,No,Tier 1
ORD1713,CUST240,Beauty,Credit Card,2183.5,10,5,8.0,4.0,No,Tier 2
ORD1714,CUST111,Beauty,,385.27,10,7,14.0,3.0,No,Tier 3
ORD1715,CUST194,Home,Credit Card,2478.0,20,6,2.0,4.0,No,Tier 1
ORD1716,CUST145,Beauty,UPI,2507.55,10,6,12.0,4.0,No,Tier 3
ORD1717,CUST229,Fashion,UPI,1578.58,5,4,10.0,3.0,No,Tier 1
ORD1718,CUST342, Home ,upi,7163.03,10,4,5.0,4.0,No,Tier 3
ORD1719,CUST341,Fashion,,790.13,0,3,12.0,5.0,No,Tier 1
ORD1720,CUST134,Electronics,Credit Card,4452.27,50,5,4.0,,No,Tier 2
ORD1721,CUST314,Fashion,Credit Card,3892.92,10,5,8.0,3.0,No,Tier 1
ORD1722,CUST180,Electronics,Debit Card,217.32,15,4,2.0,5.0,No,Tier 3
ORD1723,CUST189,Electronics,UPI,1097.07,0,6,10.0,5.0,No,Tier 2
ORD1724,CUST107,Fashion,Credit Card,5865.2,20,4,9.0,4.0,Yes,Tier 1
ORD1725,CUST192,Home,Debit Card,363.25,15,6,7.0,1.0,No,Tier 2
ORD1726,CUST253,Beauty,UPI,1390.4,5,6,13.0,5.0,No,Tier 1
ORD1727,CUST301,Beauty,upi,5991.82,50,4,7.0,,No,Tier 2
ORD1728,CUST189,Electronics,Credit Card,1416.19,5,2,1.0,4.0,No,Tier 3
ORD1729,CUST261,Electronics,UPI,515.74,50,5,14.0,4.0,No,Tier 1
ORD1730,CUST214,Home,UPI,1509.07,50,7,12.0,4.0,No,Tier 1
ORD1731,CUST204,Books,COD,543.06,5,6,2.0,3.0,No,Tier 1
ORD1732,CUST234,Fashion,UPI,1300.03,15,6,4.0,5.0,No,Tier 2
ORD1733,CUST295,Electronics,Debit Card,315.39,15,2,4.0,5.0,No,Tier 1
ORD1734,CUST157,Beauty,Credit Card,1595.14,50,7,11.0,3.0,No,Tier 1
ORD1735,CUST344,Home,COD,1290.96,15,3,14.0,5.0,No,Tier 1
ORD1736,CUST213,Fashion,UPI,2221.54,50,2,3.0,3.0,No,Tier 1
ORD1737,CUST336,Home,Credit Card,1694.22,50,7,7.0,,No,Tier 3
ORD1738,CUST174, Fashion ,Debit Card,1396.45,0,2,12.0,4.0,Yes,Tier 1
ORD1739,CUST256,Fashion,Credit Card,1955.7,30,6,8.0,3.0,No,Tier 2
ORD1740,CUST219,Electronics,Credit Card,433.13,0,5,2.0,4.0,No,Tier 2
ORD1741,CUST263,Home,COD,1557.13,5,2,4.0,4.0,No,Tier 2
ORD1742,CUST316, Home ,UPI,483.31,30,3,14.0,2.0,No,Tier 1
ORD1743,CUST120,,Debit Card,4095.88,10,4,3.0,4.0,No,Tier 2
ORD1744,CUST348,Beauty,Credit Card,306.17,5,7,2.0,4.0,No,
ORD1745,CUST263,Electronics,COD,1044.16,20,2,12.0,5.0,No,Tier 1
ORD1746,CUST237,,Credit Card,1985.09,0,2,13.0,1.0,No,Tier 1
ORD1747,CUST200,Books,UPI,1118.8,15,3,14.0,4.0,No,Tier 1
ORD1748,CUST300,Beauty,upi,344.92,0,5,6.0,2.0,No,Tier 1
ORD1749,CUST251,Fashion,COD,1409.07,15,2,13.0,5.0,Yes,Tier 1
ORD1750,CUST291, Home ,UPI,1739.29,30,2,4.0,2.0,Yes,Tier 2
ORD1751,CUST326,Electronics,UPI,2025.04,20,5,6.0,,Yes,Tier 1
ORD1752,CUST276,,COD,900.83,30,3,2.0,5.0,No,Tier 2
ORD1753,CUST198,Home,UPI,1444.0,20,7,12.0,4.0,No,Tier 2
ORD1754,CUST339,Books,COD,1098.63,0,7,4.0,4.0,Yes,Tier 2
ORD1755,CUST135,Beauty,COD,1872.37,15,2,11.0,3.0,No,Tier 2
ORD1756,CUST309,Electronics,Credit Card,1514.01,30,5,6.0,3.0,Yes,Tier 1
ORD1757,CUST340,Home,Credit Card,1319.05,20,2,14.0,5.0,No,Tier 3
ORD1758,CUST330,Electronics,Debit Card,630.57,50,4,5.0,,No,Tier 2
ORD1759,CUST195,Fashion,Credit Card,203.03,5,7,3.0,1.0,No,Tier 2
ORD1760,CUST251,Books,Credit Card,486.89,5,6,8.0,4.0,No,Tier 3
ORD1761,CUST250,Fashion,,386.76,30,4,7.0,5.0,No,Tier 1
ORD1762,CUST289, Electronics ,UPI,1094.26,15,2,3.0,4.0,No,Tier 1
ORD1763,CUST323,Electronics,COD,1621.12,50,3,6.0,2.0,No,Tier 2
ORD1764,CUST136,Beauty,UPI,559.45,30,7,,3.0,No,Tier 2
ORD1765,CUST111, Home ,UPI,4396.73,0,6,11.0,3.0,Yes,Tier 3
ORD1766,CUST212,Home,Credit Card,210.06,20,4,5.0,5.0,Yes,Tier 3
ORD1767,CUST282, Fashion ,UPI,2419.6,0,7,11.0,4.0,No,Tier 1
ORD1768,CUST112,Books,Credit Card,1672.06,5,5,5.0,4.0,No,Tier 1
ORD1769,CUST122,Home,UPI,901.54,20,3,7.0,,No,Tier 1
ORD1770,CUST316,Beauty,COD,277.71,30,4,11.0,4.0,No,Tier 1
ORD1771,CUST198,Fashion,UPI,1681.22,0,5,5.0,5.0,No,Tier 2
ORD1772,CUST204,Fashion,UPI,930.7,10,2,11.0,4.0,No,Tier 2
ORD1773,CUST129,Beauty,UPI,4329.58,15,5,3.0,3.0,No,Tier 2
ORD1774,CUST116,Books,Credit Card,1371.3,50,4,10.0,,No,Tier 1
ORD1775,CUST212,Beauty,UPI,4411.43,50,4,5.0,4.0,No,Tier 1
ORD1776,CUST161, Books ,Credit Card,573.62,15,2,7.0,3.0,No,Tier 1
ORD1777,CUST183,Beauty,Credit Card,2140.44,10,5,5.0,4.0,No,Tier 3
ORD1778,CUST211,Beauty,Credit Card,1640.56,5,5,5.0,2.0,No,Tier 1
ORD1779,CUST316,Electronics,UPI,2217.2,20,2,9.0,4.0,No,Tier 3
ORD1780,CUST185,Fashion,COD,562.47,15,5,3.0,5.0,Yes,Tier 2
ORD1781,CUST240,Beauty,Credit Card,1840.41,10,7,13.0,,Yes,Tier 2
ORD1782,CUST286,Beauty,UPI,1233.85,30,2,6.0,,No,
ORD1783,CUST118,Home,Debit Card,2237.0,50,3,1.0,2.0,No,Tier 2
ORD1784,CUST276,Fashion,Credit Card,794.11,10,4,10.0,4.0,No,Tier 2
ORD1785,CUST199,Home,COD,3511.69,5,3,5.0,1.0,No,Tier 2
ORD1786,CUST239,Fashion,UPI,332.1,5,7,8.0,5.0,No,Tier 1
ORD1787,CUST288, Home ,UPI,2669.07,0,7,5.0,4.0,No,Tier 2
ORD1788,CUST332,Beauty,UPI,3163.38,15,6,9.0,4.0,Yes,Tier 2
ORD1789,CUST246,Beauty,Credit Card,2749.47,0,6,11.0,5.0,No,Tier 1
ORD1790,CUST175, Electronics ,Debit Card,1278.39,50,6,6.0,4.0,No,Tier 1
ORD1791,CUST108,Home,UPI,1065.41,10,2,8.0,4.0,Yes,Tier 3
ORD1792,CUST298,Books,COD,8583.92,20,5,10.0,,No,Tier 1
ORD1793,CUST127,Electronics,Credit Card,590.43,20,7,8.0,,No,Tier 1
ORD1794,CUST305,Home,UPI,1387.38,5,3,,3.0,No,Tier 1
ORD1795,CUST322,Home,UPI,1866.07,20,3,3.0,4.0,No,Tier 2
ORD1796,CUST227, Electronics ,Credit Card,2010.3,20,3,7.0,,No,Tier 1
ORD1797,CUST151,Beauty,UPI,542.28,50,3,14.0,1.0,No,Tier 2
ORD1798,CUST182,Home,Debit Card,1791.95,20,6,7.0,4.0,No,Tier 1
ORD1799,CUST349,,COD,2758.67,10,3,14.0,2.0,No,Tier 1
ORD1800,CUST210,Electronics,UPI,276.97,20,5,10.0,4.0,No,Tier 2
ORD1801,CUST243, Beauty ,COD,3837.49,30,6,12.0,1.0,No,Tier 1
ORD1802,CUST216,Fashion,upi,244.92,20,3,6.0,4.0,Yes,Tier 3
ORD1803,CUST168,Books,COD,860.02,20,2,12.0,3.0,Yes,Tier 1
ORD1804,CUST198,Home,Credit Card,223.91,0,4,7.0,4.0,No,Tier 1
ORD1805,CUST239,Books,Debit Card,320.43,10,4,14.0,,Yes,Tier 1
ORD1806,CUST124,Beauty,UPI,3831.52,5,4,2.0,5.0,No,Tier 1
ORD1807,CUST279,Home,upi,857.43,0,6,9.0,5.0,No,Tier 3
ORD1808,CUST222,Beauty,UPI,1029.48,15,3,10.0,4.0,No,Tier 3
ORD1809,CUST312,Fashion,Credit Card,563.77,10,7,10.0,1.0,No,Tier 1
ORD1810,CUST327,Electronics,Debit Card,1563.58,30,7,1.0,3.0,No,Tier 2
ORD1811,CUST152,Home,UPI,1555.07,10,7,1.0,,No,Tier 2
ORD1812,CUST250,Fashion,upi,898.3,15,6,3.0,4.0,Yes,Tier 1
ORD1813,CUST243,,upi,807.53,15,5,14.0,2.0,Yes,Tier 1
ORD1814,CUST156, Home ,Debit Card,3443.77,15,2,3.0,5.0,No,Tier 3
ORD1815,CUST138,Beauty,Credit Card,925.02,50,2,1.0,3.0,No,Tier 3
ORD1816,CUST208,Fashion,Debit Card,1220.35,5,4,12.0,3.0,Yes,Tier 3
ORD1817,CUST280,Books,,699.66,20,4,7.0,,No,Tier 2
ORD1818,CUST141,Fashion,,2518.07,10,7,4.0,5.0,No,Tier 2
ORD1819,CUST285,Beauty,COD,959.87,50,7,10.0,4.0,No,Tier 1
ORD1820,CUST266,Beauty,Credit Card,1281.12,20,4,13.0,,No,Tier 1
ORD1821,CUST241,Books,UPI,638.25,20,3,,5.0,No,Tier 1
ORD1822,CUST322,Fashion,upi,6792.31,30,5,10.0,5.0,Yes,Tier 2
ORD1823,CUST221, Beauty ,UPI,716.9,15,5,5.0,1.0,No,Tier 2
ORD1824,CUST232,Home,Credit Card,2409.36,5,5,6.0,2.0,No,Tier 3
ORD1825,CUST262,Electronics,upi,1036.6,30,5,9.0,4.0,No,Tier 3
ORD1826,CUST314,Electronics,Credit Card,546.42,0,4,4.0,5.0,No,Tier 3
ORD1827,CUST320,Electronics,COD,2612.05,50,2,2.0,4.0,No,Tier 3
ORD1828,CUST334, Fashion ,upi,808.81,50,4,5.0,3.0,No,Tier 1
ORD1829,CUST174,Books,,3205.87,5,5,3.0,2.0,No,Tier 2
ORD1830,CUST245,Beauty,Debit Card,3902.2,20,4,2.0,5.0,No,Tier 2
ORD1831,CUST338,Home,UPI,3147.28,50,5,12.0,3.0,No,Tier 1
ORD1832,CUST175,Home,Credit Card,253.45,5,6,1.0,4.0,No,Tier 3
ORD1833,CUST108,Fashion,COD,2522.33,50,7,10.0,1.0,No,Tier 3
ORD1834,CUST173, Electronics ,COD,994.86,50,2,2.0,2.0,No,Tier 1
ORD1835,CUST285,Fashion,UPI,3303.92,15,6,6.0,5.0,No,Tier 1
ORD1836,CUST335,Books,Credit Card,1723.98,0,3,8.0,5.0,No,Tier 2
ORD1837,CUST244,Books,Credit Card,2890.43,15,4,13.0,4.0,No,Tier 2
ORD1838,CUST329,Beauty,Credit Card,1238.02,0,3,3.0,3.0,No,Tier 3
ORD1839,CUST106,Beauty,Debit Card,1348.66,50,4,11.0,5.0,Yes,Tier 1
ORD1840,CUST273,Books,UPI,433.91,30,7,,3.0,Yes,Tier 1
ORD1841,CUST240,Books,upi,2498.63,20,6,12.0,4.0,No,Tier 1
ORD1842,CUST267,Books,Debit Card,1015.51,50,7,9.0,,No,Tier 1
ORD1843,CUST269,Fashion,Credit Card,1239.96,0,5,2.0,3.0,No,Tier 1
ORD1844,CUST236,Books,Debit Card,2506.36,0,7,8.0,,No,Tier 3
ORD1845,CUST277,Home,UPI,1570.11,0,7,10.0,3.0,Yes,Tier 1
ORD1846,CUST126,Electronics,UPI,536.78,50,5,11.0,4.0,No,Tier 1
ORD1847,CUST221,Books,Debit Card,1538.25,5,4,12.0,4.0,No,Tier 1
ORD1848,CUST293,Electronics,COD,985.44,30,5,5.0,,Yes,Tier 1
ORD1849,CUST104,Fashion,COD,1150.98,5,6,4.0,3.0,No,Tier 3
ORD1850,CUST128,Electronics,Credit Card,243.08,20,7,10.0,4.0,No,Tier 2
ORD1851,CUST264,Fashion,Credit Card,553.64,50,5,5.0,,No,Tier 2
ORD1852,CUST265,Home,Debit Card,694.92,0,7,4.0,4.0,No,Tier 1
ORD1853,CUST182,Fashion,Credit Card,2072.2,30,6,8.0,4.0,No,Tier 1
ORD1854,CUST235,Fashion,UPI,217.34,30,3,4.0,3.0,No,Tier 2
ORD1855,CUST339,Beauty,Credit Card,988.34,10,6,13.0,5.0,No,Tier 1
ORD1856,CUST208,Books,Debit Card,4066.06,20,2,,1.0,Yes,Tier 3
ORD1857,CUST164, Books ,,377.97,30,2,12.0,1.0,No,Tier 1
ORD1858,CUST185,Home,,1289.82,50,2,13.0,4.0,No,Tier 2
ORD1859,CUST343,Home,upi,2516.33,0,7,14.0,4.0,No,Tier 1
ORD1860,CUST244, Books ,Credit Card,4484.77,0,4,6.0,,No,Tier 2
ORD1861,CUST170,Beauty,Credit Card,2260.22,30,4,2.0,,No,Tier 3
ORD1862,CUST316,Books,UPI,2112.48,5,4,5.0,5.0,No,Tier 2
ORD1863,CUST144,Beauty,COD,2827.26,20,7,6.0,5.0,Yes,Tier 2
ORD1864,CUST231,Home,Credit Card,1086.43,0,6,5.0,5.0,No,Tier 3
ORD1865,CUST135, Electronics ,UPI,2658.64,30,4,12.0,2.0,No,Tier 2
ORD1866,CUST169,Home,Credit Card,211.99,0,3,2.0,5.0,No,Tier 1
ORD1867,CUST258,Home,COD,4076.65,30,2,14.0,3.0,No,Tier 1
ORD1868,CUST118,Fashion,UPI,1078.61,20,6,7.0,4.0,No,Tier 2
ORD1869,CUST288,Fashion,COD,1409.07,30,2,4.0,5.0,No,Tier 2
ORD1870,CUST207,Fashion,upi,641.32,10,4,8.0,4.0,No,Tier 1
ORD1871,CUST281,Fashion,Credit Card,2235.28,30,6,7.0,5.0,No,Tier 1
ORD1872,CUST266,Beauty,COD,319.6,30,5,7.0,3.0,No,Tier 3
ORD1873,CUST190,Books,Credit Card,3291.06,50,3,9.0,4.0,No,Tier 1
ORD1874,CUST301,Electronics,COD,2841.41,20,4,,2.0,No,Tier 1
ORD1875,CUST189,Home,Debit Card,565.13,50,4,10.0,4.0,No,Tier 1
ORD1876,CUST118,Beauty,COD,2685.77,30,3,6.0,5.0,No,Tier 3
ORD1877,CUST138,Electronics,Credit Card,2515.18,20,3,6.0,4.0,Yes,Tier 1
ORD1878,CUST225,Beauty,Credit Card,1700.39,10,5,,3.0,No,Tier 2
ORD1879,CUST294,Beauty,UPI,901.46,20,4,13.0,1.0,No,Tier 1
ORD1880,CUST272,Home,UPI,675.15,0,7,12.0,2.0,Yes,Tier 2
ORD1881,CUST240,Books,Credit Card,595.53,50,4,6.0,4.0,Yes,Tier 3
ORD1882,CUST341,Fashion,UPI,775.43,20,2,,,No,Tier 1
ORD1883,CUST319,Books,Credit Card,3708.23,10,6,10.0,3.0,No,Tier 2
ORD1884,CUST225, Home ,UPI,321.23,15,6,7.0,5.0,Yes,Tier 1
ORD1885,CUST157,Home,COD,2848.01,30,2,14.0,5.0,Yes,Tier 1
ORD1886,CUST247,,UPI,843.62,20,6,10.0,4.0,No,Tier 3
ORD1887,CUST319,Electronics,Credit Card,1305.96,30,3,6.0,5.0,Yes,Tier 1
ORD1888,CUST299,Books,UPI,2573.36,5,6,1.0,5.0,No,Tier 2
ORD1889,CUST160,Books,Credit Card,3436.12,0,6,3.0,3.0,No,Tier 1
ORD1890,CUST226,Beauty,upi,834.18,50,2,2.0,3.0,No,Tier 1
ORD1891,CUST204,Beauty,Credit Card,1129.41,0,5,6.0,1.0,No,Tier 1
ORD1892,CUST266,Beauty,Debit Card,1002.97,5,6,8.0,,No,Tier 2
ORD1893,CUST100,Home,upi,220.01,5,7,3.0,,No,Tier 2
ORD1894,CUST230,Books,COD,726.34,50,6,10.0,5.0,No,Tier 2
ORD1895,CUST304,Home,Debit Card,1122.03,20,5,8.0,2.0,Yes,Tier 1
ORD1896,CUST191,Electronics,COD,994.23,5,2,8.0,4.0,No,Tier 1
ORD1897,CUST289,Beauty,upi,2119.82,15,5,5.0,2.0,No,Tier 2
ORD1898,CUST348,Home,Debit Card,928.72,30,2,,1.0,Yes,Tier 3
ORD1899,CUST290,Home,,1208.18,30,3,6.0,4.0,Yes,Tier 1
ORD1900,CUST212,Electronics,Debit Card,1042.15,10,2,5.0,,No,Tier 2
ORD1901,CUST252,,UPI,2224.23,5,3,,,No,Tier 1
ORD1902,CUST155,Books,,3181.36,5,3,14.0,5.0,No,Tier 2
ORD1903,CUST260,Fashion,UPI,1338.58,15,2,7.0,2.0,No,Tier 3
ORD1904,CUST265,Beauty,Credit Card,2536.92,0,7,8.0,3.0,No,Tier 3
ORD1905,CUST216,Home,Credit Card,728.14,0,4,1.0,4.0,No,Tier 2
ORD1906,CUST233,Electronics,Credit Card,1369.27,30,2,11.0,5.0,No,Tier 1
ORD1907,CUST157,Electronics,Credit Card,835.21,30,6,2.0,5.0,Yes,Tier 3
ORD1908,CUST143,Books,Credit Card,1002.17,20,7,8.0,4.0,No,Tier 2
ORD1909,CUST272,Fashion,UPI,2177.47,50,7,12.0,4.0,No,Tier 1
ORD1910,CUST259,Books,Credit Card,3401.32,15,6,9.0,1.0,No,Tier 2
ORD1911,CUST272,Home,,394.3,50,4,4.0,3.0,No,Tier 3
ORD1912,CUST160, Books ,Credit Card,1710.31,50,7,12.0,4.0,Yes,
ORD1913,CUST146,Electronics,Credit Card,1508.93,10,3,10.0,2.0,No,Tier 1
ORD1914,CUST248,Electronics,Debit Card,389.05,50,4,11.0,4.0,Yes,Tier 2
ORD1915,CUST179, Beauty ,UPI,557.18,10,6,10.0,5.0,No,Tier 3
ORD1916,CUST217,Beauty,Credit Card,758.78,50,4,14.0,4.0,No,Tier 1
ORD1917,CUST312,Home,COD,473.96,15,2,9.0,2.0,No,Tier 2
ORD1918,CUST302,Fashion,COD,619.03,10,4,4.0,3.0,Yes,Tier 2
ORD1919,CUST328, Books ,UPI,667.14,0,3,10.0,4.0,No,Tier 1
ORD1920,CUST263,Home,UPI,813.47,10,2,10.0,4.0,No,Tier 1
ORD1921,CUST326,,upi,2275.79,10,5,10.0,4.0,No,Tier 2
ORD1922,CUST246,Books,Debit Card,1472.64,15,6,9.0,4.0,No,Tier 3
ORD1923,CUST119, Beauty ,UPI,6629.71,15,6,11.0,4.0,No,Tier 2
ORD1924,CUST284,Books,COD,1003.54,10,4,7.0,5.0,No,Tier 2
ORD1925,CUST245, Fashion ,Credit Card,2302.81,5,7,,4.0,No,Tier 1
ORD1926,CUST146,Home,UPI,3277.37,15,2,9.0,5.0,No,Tier 1
ORD1927,CUST332,Books,Credit Card,1904.37,20,5,4.0,4.0,No,Tier 2
ORD1928,CUST148,Electronics,COD,996.2,20,2,8.0,2.0,No,Tier 1
ORD1929,CUST113,Electronics,UPI,2301.17,0,6,14.0,4.0,No,Tier 3
ORD1930,CUST242,Books,Debit Card,541.61,50,2,7.0,4.0,Yes,Tier 1
ORD1931,CUST258,Books,Credit Card,795.25,10,5,13.0,,No,Tier 1
ORD1932,CUST100,Books,Credit Card,1386.75,5,7,7.0,5.0,No,Tier 1
ORD1933,CUST216,Electronics,UPI,1484.94,0,4,8.0,,No,Tier 3
ORD1934,CUST153,Electronics,Debit Card,233.59,10,3,1.0,,No,Tier 1
ORD1935,CUST217,Books,UPI,4553.75,15,2,5.0,4.0,No,Tier 1
ORD1936,CUST102,Beauty,Credit Card,1989.19,20,3,,4.0,No,Tier 1
ORD1937,CUST243,Beauty,COD,1226.89,30,6,2.0,4.0,No,Tier 3
ORD1938,CUST314,Fashion,Credit Card,4257.45,5,4,1.0,,No,Tier 1
ORD1939,CUST284,Home,upi,1067.31,30,4,5.0,5.0,No,Tier 1
ORD1940,CUST302,Beauty,Credit Card,6101.06,20,2,2.0,2.0,Yes,Tier 1
ORD1941,CUST111,Electronics,Debit Card,1277.04,50,7,4.0,5.0,Yes,Tier 2
ORD1942,CUST173,Beauty,Credit Card,382.04,50,4,3.0,3.0,No,Tier 1
ORD1943,CUST323,Fashion,upi,2370.98,30,2,3.0,4.0,No,Tier 1
ORD1944,CUST115,Fashion,UPI,1903.99,15,2,2.0,3.0,No,Tier 1
ORD1945,CUST299,Home,Credit Card,2424.12,10,3,,5.0,Yes,
ORD1946,CUST201,Beauty,UPI,4737.5,15,4,6.0,5.0,No,Tier 2
ORD1947,CUST303,Electronics,Credit Card,2447.44,30,2,2.0,3.0,No,Tier 2
ORD1948,CUST251,Electronics,Credit Card,1617.56,15,3,14.0,2.0,No,Tier 3
ORD1949,CUST255, Books ,upi,3120.61,20,5,14.0,3.0,Yes,Tier 3
ORD1950,CUST216,Electronics,UPI,1877.82,5,3,8.0,5.0,No,Tier 1
ORD1951,CUST107,Home,COD,986.67,15,3,8.0,4.0,No,Tier 2
ORD1952,CUST221,Home,Debit Card,3452.34,20,2,13.0,3.0,No,Tier 2
ORD1953,CUST191,Electronics,Debit Card,576.35,5,6,14.0,3.0,No,Tier 3
ORD1954,CUST263,Electronics,Credit Card,2081.01,50,6,12.0,4.0,Yes,Tier 1
ORD1955,CUST189,Books,Credit Card,3400.07,10,7,5.0,3.0,No,Tier 2
ORD1956,CUST235,Electronics,COD,2171.33,30,6,10.0,5.0,No,Tier 1
ORD1957,CUST285,Books,upi,1992.4,50,3,,2.0,No,Tier 3
ORD1958,CUST159,Books,Credit Card,2295.36,10,7,4.0,5.0,Yes,Tier 1
ORD1959,CUST277,Electronics,Credit Card,1138.39,50,2,1.0,3.0,No,Tier 1
ORD1960,CUST127,Fashion,UPI,3309.24,0,4,11.0,4.0,No,Tier 1
ORD1961,CUST319,Fashion,upi,541.17,50,3,2.0,3.0,No,Tier 1
ORD1962,CUST200,Books,Credit Card,404.39,20,3,10.0,5.0,No,Tier 2
ORD1963,CUST140,Electronics,UPI,704.28,5,7,10.0,,Yes,Tier 1
ORD1964,CUST327,Fashion,COD,1337.58,50,2,4.0,,No,
ORD1965,CUST291,Electronics,Credit Card,1271.75,15,5,1.0,4.0,No,Tier 3
ORD1966,CUST254,Electronics,Credit Card,2777.2,10,3,13.0,4.0,No,Tier 1
ORD1967,CUST345,Electronics,Debit Card,977.7,50,5,8.0,5.0,No,Tier 2
ORD1968,CUST290,Beauty,upi,1193.47,5,5,9.0,5.0,No,Tier 1
ORD1969,CUST244,,Credit Card,220.19,20,6,4.0,3.0,No,Tier 1
ORD1970,CUST300,,UPI,990.79,0,2,10.0,5.0,No,Tier 3
ORD1971,CUST260,Books,UPI,1765.22,10,5,3.0,4.0,No,Tier 2
ORD1972,CUST344,Fashion,UPI,223.44,30,2,2.0,3.0,No,Tier 1
ORD1973,CUST311,Fashion,Debit Card,694.59,5,6,5.0,3.0,No,Tier 3
ORD1974,CUST304,Fashion,UPI,549.71,30,2,,3.0,No,Tier 3
ORD1975,CUST319,Fashion,,264.34,5,3,3.0,4.0,No,Tier 3
ORD1976,CUST339,Fashion,UPI,1178.76,5,5,10.0,3.0,No,Tier 1
ORD1977,CUST256,Fashion,,500.83,20,2,7.0,2.0,No,Tier 1
ORD1978,CUST240, Fashion ,UPI,2238.49,20,4,11.0,2.0,No,Tier 2
ORD1979,CUST145,Books,COD,3025.1,20,2,6.0,4.0,No,Tier 2
ORD1980,CUST134,Electronics,Credit Card,1383.12,50,5,1.0,5.0,No,Tier 1
ORD1981,CUST233,Home,COD,6201.88,15,6,12.0,4.0,Yes,Tier 2
ORD1982,CUST181,Beauty,COD,1098.06,5,6,8.0,1.0,No,Tier 1
ORD1983,CUST214,Home,Credit Card,1280.37,10,5,2.0,2.0,Yes,Tier 2
ORD1984,CUST296,Home,UPI,6994.78,30,3,5.0,,No,Tier 1
ORD1985,CUST146,Electronics,UPI,595.07,20,3,9.0,4.0,No,Tier 2
ORD1986,CUST252,Electronics,Credit Card,4485.15,50,6,8.0,4.0,No,Tier 1
ORD1987,CUST293,Electronics,UPI,265.67,20,6,2.0,1.0,Yes,Tier 3
ORD1988,CUST109,Fashion,Credit Card,1086.93,30,5,9.0,5.0,No,Tier 2
ORD1989,CUST155,Books,Credit Card,308.86,30,3,5.0,4.0,Yes,Tier 2
ORD1990,CUST129,Fashion,COD,2159.75,5,6,10.0,3.0,No,Tier 3
ORD1991,CUST341,Books,Credit Card,1606.31,20,3,14.0,2.0,No,Tier 2
ORD1992,CUST208,Books,COD,2039.5,30,6,6.0,4.0,No,Tier 3
ORD1993,CUST104,Home,UPI,903.76,15,2,13.0,5.0,No,Tier 1
ORD1994,CUST218,Home,COD,891.82,15,4,3.0,5.0,Yes,Tier 1
ORD1995,CUST347,Books,UPI,269.57,20,7,13.0,4.0,No,Tier 1
ORD1996,CUST132,Books,Credit Card,846.05,50,2,3.0,5.0,Yes,Tier 1
ORD1997,CUST217,Fashion,Debit Card,4173.72,30,7,10.0,2.0,No,Tier 3
ORD1998,CUST164,Fashion,Credit Card,915.18,5,6,8.0,4.0,Yes,Tier 1
ORD1999,CUST245,Home,UPI,2870.05,5,4,11.0,5.0,No,Tier 2
ORD1521,CUST252,Electronics,Credit Card,1223.83,15,7,14.0,5.0,No,Tier 3
ORD1737,CUST336,Home,Credit Card,1694.22,50,7,7.0,,No,Tier 3
ORD1740,CUST219,Electronics,Credit Card,433.13,0,5,2.0,4.0,No,Tier 2
ORD1660,CUST132,Home,Credit Card,2486.07,15,4,4.0,4.0,No,Tier 1
ORD1411,CUST132,Electronics,Debit Card,2057.51,0,7,12.0,4.0,No,Tier 2
ORD1678,CUST347, Fashion ,UPI,585.69,15,7,13.0,4.0,No,Tier 3
ORD1626,CUST330, Beauty ,Debit Card,4670.04,50,7,12.0,4.0,Yes,
ORD1513,CUST275,,Credit Card,623.16,50,2,3.0,3.0,Yes,Tier 1
ORD1859,CUST343,Home,upi,2516.33,0,7,14.0,4.0,No,Tier 1
ORD1136,CUST235,Books,COD,2864.02,5,4,9.0,4.0,No,Tier 1
ORD1811,CUST152,Home,UPI,1555.07,10,7,1.0,,No,Tier 2
ORD1076,CUST287,Electronics,UPI,471.61,30,2,7.0,4.0,No,Tier 1
ORD1636,CUST243,Home,Credit Card,498.03,0,3,14.0,4.0,No,Tier 2
ORD1973,CUST311,Fashion,Debit Card,694.59,5,6,5.0,3.0,No,Tier 3
ORD1938,CUST314,Fashion,Credit Card,4257.45,5,4,1.0,,No,Tier 1
